instrument,sex,hand,id,bin_edge_1,bin_edge_2,bin_edge_3,bin_edge_4,bin_edge_5,bin_edge_6,bin_edge_7,bin_edge_8,bin_edge_9
violine,m,left,101,177.0,181.0,183.0,186.0,188.0,193.0,196.0,196.0,199.0
violine,m,left,102,79.0,81.0,82.0,84.0,85.0,86.0,86.0,87.0,90.0
violine,m,left,103,42.0,43.0,43.0,44.0,44.0,45.0,45.0,46.0,47.0
violine,m,left,104,54.0,56.0,57.0,58.0,59.0,59.0,60.0,61.0,62.0
violine,m,left,127,30.0,32.0,33.0,34.0,36.0,37.0,39.0,40.0,42.0
violine,m,left,128,51.0,53.0,55.0,56.0,57.0,58.0,59.0,60.0,61.0
violine,m,left,143,78.0,83.0,86.0,89.0,92.0,94.0,97.0,99.0,103.0
violine,m,left,144,54.0,60.0,63.0,66.0,70.0,73.0,75.0,77.0,81.0
violine,m,left,147,20.0,33.0,44.0,57.0,69.0,77.0,80.0,87.0,93.0
violine,m,left,148,61.0,71.0,76.0,81.0,85.0,89.0,92.0,96.0,99.0
violine,m,left,149,75.0,80.0,85.0,89.0,91.0,95.0,98.0,100.0,104.0
violine,m,left,150,83.0,87.0,90.0,94.0,98.0,101.0,104.0,106.0,110.0
violine,m,left,163,7.0,10.0,13.0,14.0,16.0,18.0,22.0,28.0,31.0
violine,m,left,164,20.0,24.0,26.0,30.0,32.0,35.0,38.0,42.0,50.0
violine,m,left,181,49.0,53.0,56.0,58.0,61.0,63.0,66.0,69.0,70.0
violine,m,left,185,28.0,31.0,33.0,35.0,38.0,42.0,44.0,48.0,52.0
violine,m,left,186,18.0,22.0,24.0,27.0,29.0,31.0,32.0,35.0,39.0
violine,m,left,187,29.0,33.0,35.0,39.0,41.0,43.0,46.0,49.0,53.0
violine,m,left,188,34.0,42.0,45.0,50.0,54.0,58.0,62.0,67.0,73.0
violine,m,left,189,42.0,49.0,53.0,56.0,60.0,64.0,67.0,72.0,76.0
violine,m,left,190,47.0,57.0,59.0,62.0,70.0,74.0,77.0,82.0,89.0
violine,m,left,191,20.0,23.0,25.0,27.0,30.0,32.0,35.0,38.0,41.0
violine,m,left,194,19.0,22.0,24.0,26.0,27.0,30.0,31.0,34.0,38.0
violine,w,left,101,164.0,169.0,170.0,173.0,175.0,178.0,179.0,182.0,186.0
violine,w,left,102,72.0,73.0,74.0,75.0,76.0,77.0,78.0,80.0,80.0
violine,w,left,103,40.0,41.0,42.0,42.0,43.0,44.0,44.0,45.0,46.0
violine,w,left,104,48.0,50.0,50.0,51.0,52.0,53.0,53.0,54.0,56.0
violine,w,left,127,31.0,33.0,34.0,36.0,37.0,37.0,38.0,40.0,43.0
violine,w,left,128,45.0,46.0,47.0,49.0,49.0,50.0,51.0,53.0,55.0
violine,w,left,143,79.0,84.0,88.0,92.0,96.0,100.0,102.0,106.0,110.0
violine,w,left,144,64.0,66.0,69.0,73.0,76.0,78.0,80.0,84.0,88.0
violine,w,left,147,44.0,60.0,71.0,74.0,81.0,87.0,91.0,97.0,104.0
violine,w,left,148,73.0,81.0,85.0,91.0,95.0,98.0,101.0,108.0,117.0
violine,w,left,149,82.0,87.0,91.0,97.0,101.0,104.0,110.0,113.0,120.0
violine,w,left,150,89.0,93.0,97.0,104.0,109.0,113.0,115.0,120.0,128.0
violine,w,left,163,14.0,18.0,23.0,27.0,32.0,34.0,37.0,42.0,53.0
violine,w,left,164,30.0,33.0,39.0,45.0,48.0,51.0,54.0,58.0,67.0
violine,w,left,181,51.0,54.0,58.0,60.0,62.0,63.0,66.0,69.0,75.0
violine,w,left,185,32.0,36.0,40.0,44.0,47.0,49.0,51.0,55.0,61.0
violine,w,left,186,22.0,26.0,30.0,32.0,34.0,36.0,37.0,42.0,52.0
violine,w,left,187,37.0,40.0,45.0,46.0,50.0,52.0,56.0,58.0,66.0
violine,w,left,188,43.0,48.0,52.0,56.0,59.0,62.0,66.0,74.0,79.0
violine,w,left,189,50.0,56.0,62.0,64.0,67.0,70.0,72.0,79.0,84.0
violine,w,left,190,58.0,65.0,68.0,71.0,75.0,79.0,82.0,88.0,92.0
violine,w,left,191,22.0,25.0,27.0,29.0,31.0,34.0,36.0,37.0,40.0
violine,w,left,194,23.0,26.0,28.0,32.0,34.0,36.0,39.0,42.0,46.0
violoncello,m,left,101,183.0,184.0,186.0,187.0,189.0,190.0,193.0,199.0,201.0
violoncello,m,left,102,83.0,83.0,84.0,85.0,87.0,87.0,88.0,90.0,92.0
violoncello,m,left,103,43.0,43.0,43.0,45.0,45.0,45.0,46.0,47.0,48.0
violoncello,m,left,104,55.0,56.0,58.0,59.0,60.0,62.0,63.0,64.0,65.0
violoncello,m,left,105,89.0,90.0,90.0,90.0,91.0,93.0,95.0,97.0,99.0
violoncello,m,left,106,92.0,94.0,95.0,95.0,99.0,100.0,100.0,103.0,104.0
violoncello,m,left,124,71.0,74.0,77.0,77.0,78.0,79.0,80.0,81.0,82.0
violoncello,m,left,127,31.0,33.0,35.0,35.0,36.0,37.0,38.0,40.0,42.0
violoncello,m,left,128,51.0,52.0,56.0,56.0,57.0,58.0,59.0,62.0,64.0
violoncello,m,left,163,3.0,8.0,11.0,14.0,16.0,18.0,21.0,25.0,31.0
violoncello,m,left,164,14.0,18.0,20.0,21.0,34.0,37.0,39.0,40.0,47.0
violoncello,m,left,181,46.0,53.0,55.0,56.0,58.0,60.0,60.0,62.0,64.0
violoncello,m,left,182,68.0,77.0,79.0,81.0,83.0,87.0,87.0,90.0,95.0
violoncello,m,left,183,62.0,73.0,75.0,76.0,78.0,83.0,86.0,89.0,92.0
violoncello,m,left,184,77.0,86.0,87.0,87.0,90.0,92.0,99.0,101.0,107.0
violoncello,m,left,185,25.0,32.0,34.0,34.0,36.0,39.0,42.0,47.0,52.0
violoncello,m,left,186,18.0,20.0,22.0,25.0,26.0,27.0,33.0,39.0,42.0
violoncello,m,left,187,26.0,30.0,35.0,35.0,39.0,40.0,44.0,50.0,54.0
violoncello,m,left,188,35.0,39.0,44.0,45.0,47.0,51.0,58.0,62.0,68.0
violoncello,m,left,189,40.0,44.0,47.0,50.0,51.0,54.0,61.0,66.0,79.0
violoncello,m,left,190,43.0,55.0,56.0,58.0,60.0,60.0,72.0,76.0,84.0
violoncello,m,left,191,19.0,22.0,23.0,25.0,29.0,29.0,31.0,33.0,38.0
violoncello,m,left,194,18.0,23.0,24.0,24.0,25.0,27.0,28.0,30.0,34.0
schlagzeug,m,left,144,72.0,75.0,77.6,80.0,84.0,87.1,91.0,92.3,99.4
schlagzeug,m,left,143,75.5,78.5,79.5,82.5,88.5,91.0,94.5,99.5,102.0
schlagzeug,m,left,140,30.0,31.7,33.8,34.0,35.0,37.0,39.0,40.0,42.4
schlagzeug,m,left,141,12.6,14.7,16.8,18.0,20.0,20.1,22.0,22.3,25.6
schlagzeug,m,left,437,50.6,56.7,58.0,62.9,65.0,68.2,71.0,74.0,75.8
schlagzeug,m,left,438,73.0,78.4,80.0,80.9,82.0,85.0,86.4,89.3,92.8
schlagzeug,m,left,152,14.8,20.0,22.8,25.9,28.0,39.0,41.0,47.1,76.0
schlagzeug,m,left,151,46.4,55.7,64.8,70.9,75.0,84.1,88.2,90.6,95.6
schlagzeug,m,left,154,60.4,71.6,76.8,82.0,90.0,94.1,97.0,102.3,103.8
schlagzeug,m,left,155,74.6,83.7,86.6,89.0,97.0,102.2,105.2,107.3,112.0
schlagzeug,m,left,147,6.0,7.5,9.5,12.0,13.5,16.0,30.0,57.0,80.5
schlagzeug,m,left,146,37.0,53.5,64.5,67.0,81.5,88.0,92.0,96.5,98.5
schlagzeug,m,left,149,57.5,73.5,78.0,81.5,93.0,95.5,97.0,100.5,106.5
schlagzeug,m,left,150,72.5,80.5,85.0,93.0,97.5,100.5,103.5,107.5,111.5
schlagzeug,m,left,404,5.0,9.0,9.0,11.0,13.0,16.1,20.0,23.2,37.0
schlagzeug,m,left,401,16.0,19.0,23.0,24.0,26.0,29.1,32.4,39.0,42.2
schlagzeug,m,left,405,0.999999999999999,5.7,7.8,9.0,10.0,11.2,13.2,17.3,31.0
schlagzeug,m,left,402,9.6,13.7,16.0,16.9,19.0,21.0,24.2,28.3,37.0
schlagzeug,m,left,422,-5.6,-1.3,1.8,5.0,8.0,12.0,15.2,20.2,41.8
schlagzeug,m,left,419,9.6,20.7,22.6,25.9,37.0,39.1,40.2,44.3,53.6
schlagzeug,m,left,423,26.4,29.7,33.2,35.0,48.0,50.2,52.4,69.2,79.0
schlagzeug,m,left,420,46.2,54.5,60.4,66.9,69.0,76.1,82.2,87.6,92.8
schlagzeug,m,left,413,-1.0,3.0,5.8,7.0,10.0,11.0,12.0,13.6,20.4
schlagzeug,m,left,410,13.0,15.0,18.0,20.0,24.0,26.0,28.2,31.3,34.2
schlagzeug,m,left,414,9.8,12.7,14.6,16.0,19.0,21.2,26.2,31.3,38.4
schlagzeug,m,left,411,17.8,21.7,22.8,25.9,29.0,32.2,36.4,42.2,50.2
schlagzeug,m,right,44,73.0,75.0,77.8,83.0,88.0,89.5,96.2,98.3,103.2
schlagzeug,m,right,43,65.5,70.5,72.0,76.5,79.5,83.0,91.0,94.0,97.0
schlagzeug,m,right,40,28.0,30.0,31.0,33.9,35.0,37.0,38.2,41.9,45.4
schlagzeug,m,right,41,11.0,14.0,15.0,16.9,18.0,20.0,21.2,23.3,24.0
schlagzeug,m,right,337,45.6,48.4,51.8,53.9,54.0,60.0,62.2,65.3,69.6
schlagzeug,m,right,338,73.2,75.0,82.2,85.0,91.0,92.0,93.4,97.9,102.0
schlagzeug,m,right,52,10.6,14.4,16.0,26.0,34.0,45.0,46.6,61.9,76.4
schlagzeug,m,right,51,40.0,60.0,67.8,70.9,83.0,85.1,90.0,99.6,102.4
schlagzeug,m,right,54,67.8,73.1,77.6,88.0,91.0,99.1,102.2,105.0,111.4
schlagzeug,m,right,55,76.0,80.0,86.0,94.6,98.0,105.1,110.2,112.0,116.2
schlagzeug,m,right,47,3.5,6.0,6.5,7.0,9.5,12.5,17.0,22.5,84.0
schlagzeug,m,right,46,17.0,32.0,54.5,66.0,68.0,73.5,81.0,88.0,96.0
schlagzeug,m,right,49,40.0,59.5,69.5,76.5,80.0,82.5,87.0,95.5,101.5
schlagzeug,m,right,50,61.5,71.0,80.0,83.0,87.5,91.0,95.5,103.5,108.0
schlagzeug,m,right,304,5.6,7.0,9.0,11.0,13.0,14.1,16.2,25.4,37.6
schlagzeug,m,right,301,17.2,19.7,24.8,27.9,31.0,33.0,35.0,39.9,44.4
schlagzeug,m,right,305,4.0,5.0,7.0,8.0,9.0,10.0,12.0,16.3,21.0
schlagzeug,m,right,302,12.0,13.7,15.0,15.0,16.0,18.0,19.0,21.3,26.6
schlagzeug,m,right,322,-4.8,-1.3,0.8,2.9,7.0,10.1,14.0,20.6,50.2
schlagzeug,m,right,319,8.8,17.8,21.8,24.0,32.0,39.4,48.0,56.2,68.4
schlagzeug,m,right,323,15.0,28.1,32.6,36.9,51.0,55.3,60.2,67.9,79.4
schlagzeug,m,right,320,37.2,48.8,54.6,60.9,69.0,77.2,80.2,86.6,90.8
schlagzeug,m,right,313,-1.4,2.7,3.0,4.8,7.0,13.0,17.2,20.2,35.8
schlagzeug,m,right,310,10.6,14.0,16.8,18.9,21.0,32.0,33.0,38.1,55.2
schlagzeug,m,right,314,10.0,12.0,14.8,16.0,17.0,18.2,21.2,24.9,44.6
schlagzeug,m,right,311,19.6,23.0,23.0,25.0,27.0,28.0,30.4,41.2,60.4
klavier,m,left,101,178.0,182.0,186.0,189.0,191.0,193.0,195.0,198.0,200.0
klavier,m,left,102,79.0,81.0,81.0,83.0,84.0,85.0,86.0,87.0,89.0
klavier,m,left,103,0.41,0.42,0.42,0.43,0.43,0.44,0.45,0.45,0.46
klavier,m,left,104,54.0,55.0,56.0,57.0,58.0,59.0,60.0,61.0,62.0
klavier,m,left,105,88.0,90.0,92.0,93.0,95.0,95.0,97.0,100.0,101.0
klavier,m,left,106,90.0,91.0,93.0,95.0,96.0,97.0,99.0,100.0,102.0
klavier,m,left,124,67.0,70.0,72.0,74.0,75.0,76.0,77.0,79.0,81.0
klavier,m,left,127,32.0,34.0,35.0,36.0,36.0,37.0,39.0,40.0,42.0
klavier,m,left,129,162.0,168.0,173.0,178.0,180.0,184.0,188.0,192.0,196.0
klavier,m,left,130,193.0,198.0,202.0,206.0,210.0,213.0,217.0,220.0,227.0
klavier,m,left,131,202.0,207.0,211.0,215.0,220.0,222.0,224.0,231.0,237.0
klavier,m,left,132,212.0,217.0,221.0,225.0,226.0,230.0,233.0,238.0,241.0
klavier,m,left,133,82.0,86.0,90.0,93.0,97.0,100.0,103.0,107.0,113.0
klavier,m,left,134,61.0,68.0,71.0,74.0,77.0,80.0,83.0,86.0,94.0
klavier,m,left,135,72.0,78.0,81.0,84.0,88.0,93.0,96.0,100.0,106.0
klavier,m,left,136,103.0,111.0,116.0,119.0,123.0,127.0,132.0,140.0,145.0
klavier,m,left,137,116.0,119.0,122.0,128.0,132.0,136.0,140.0,145.0,152.0
klavier,m,left,138,147.0,152.0,157.0,160.0,168.0,171.0,176.0,181.0,190.0
klavier,m,left,139,40.0,47.0,50.0,53.0,56.0,58.0,62.0,67.0,72.0
klavier,m,left,140,27.0,30.0,32.0,34.0,35.0,38.0,39.0,40.0,43.0
klavier,m,left,141,17.0,19.0,21.0,23.0,25.0,27.0,28.0,30.0,33.0
klavier,m,left,143,65.0,71.0,74.0,77.0,79.0,81.0,85.0,90.0,93.0
klavier,m,left,144,66.0,72.0,75.0,79.0,81.0,84.0,87.0,90.0,93.0
klavier,m,left,181,50.0,53.0,56.0,58.0,61.0,63.0,65.0,67.0,69.0
klavier,m,left,182,70.0,78.0,81.0,84.0,87.0,91.0,96.0,97.0,100.0
klavier,m,left,183,68.0,74.0,77.0,81.0,84.0,87.0,91.0,94.0,96.0
klavier,m,left,184,80.0,87.0,91.0,95.0,96.0,101.0,106.0,108.0,112.0
klavier,m,left,185,27.0,31.0,33.0,37.0,40.0,43.0,46.0,48.0,53.0
klavier,m,left,186,18.0,22.0,24.0,27.0,29.0,30.0,32.0,34.0,39.0
klavier,m,left,187,31.0,34.0,37.0,40.0,42.0,44.0,47.0,50.0,54.0
klavier,m,left,188,32.0,38.0,42.0,46.0,50.0,52.0,55.0,61.0,65.0
klavier,m,left,189,39.0,44.0,50.0,51.0,55.0,57.0,60.0,65.0,68.0
klavier,m,left,190,45.0,51.0,56.0,59.0,63.0,67.0,70.0,75.0,80.0
klavier,m,left,163,5.0,9.0,13.0,16.0,19.0,21.0,26.0,31.0,37.0
klavier,m,left,161,21.0,26.0,31.0,33.0,36.0,40.0,45.0,49.0,53.0
klavier,m,left,152,6.0,9.0,12.0,17.0,20.0,23.0,29.0,38.0,57.0
klavier,m,left,151,25.0,31.0,41.0,51.0,57.0,64.0,71.0,81.0,88.0
klavier,m,left,147,15.0,21.0,25.0,28.0,33.0,40.0,47.0,56.0,67.0
klavier,m,left,146,43.0,50.0,57.0,64.0,68.0,71.0,75.0,79.0,85.0
klavier,m,right,1,179.0,182.0,186.0,190.0,191.0,192.0,194.0,197.0,200.0
klavier,m,right,2,80.0,82.0,84.0,85.0,86.0,86.0,87.0,88.0,90.0
klavier,m,right,3,0.42,0.43,0.43,0.44,0.44,0.45,0.45,0.46,0.47
klavier,m,right,4,55.0,56.0,56.0,58.0,58.0,59.0,60.0,61.0,62.0
klavier,m,right,5,87.0,90.0,91.0,93.0,94.0,95.0,96.0,97.0,100.0
klavier,m,right,6,90.0,92.0,94.0,96.0,97.0,98.0,100.0,101.0,103.0
klavier,m,right,24,68.0,69.0,71.0,72.0,73.0,75.0,76.0,79.0,82.0
klavier,m,right,27,31.0,34.0,35.0,36.0,37.0,38.0,39.0,40.0,42.0
klavier,m,right,29,162.0,168.0,172.0,175.0,179.0,182.0,185.0,190.0,198.0
klavier,m,right,30,191.0,198.0,201.0,205.0,210.0,213.0,216.0,221.0,228.0
klavier,m,right,31,203.0,210.0,213.0,216.0,220.0,223.0,228.0,231.0,238.0
klavier,m,right,32,212.0,216.0,220.0,223.0,226.0,231.0,234.0,236.0,241.0
klavier,m,right,33,80.0,85.0,89.0,92.0,95.0,96.0,98.0,101.0,108.0
klavier,m,right,34,62.0,66.0,71.0,74.0,78.0,81.0,83.0,87.0,94.0
klavier,m,right,35,72.0,77.0,82.0,85.0,89.0,91.0,93.0,97.0,102.0
klavier,m,right,36,104.0,111.0,115.0,118.0,125.0,128.0,131.0,136.0,144.0
klavier,m,right,37,112.0,116.0,122.0,127.0,130.0,134.0,137.0,143.0,150.0
klavier,m,right,38,147.0,152.0,155.0,158.0,164.0,171.0,175.0,179.0,183.0
klavier,m,right,39,40.0,46.0,48.0,52.0,56.0,59.0,63.0,66.0,71.0
klavier,m,right,40,28.0,30.0,31.0,33.0,34.0,36.0,39.0,40.0,44.0
klavier,m,right,41,17.0,19.0,22.0,23.0,25.0,26.0,28.0,30.0,32.0
klavier,m,right,43,61.0,66.0,70.0,72.0,75.0,79.0,81.0,85.0,91.0
klavier,m,right,44,71.0,75.0,78.0,80.0,82.0,85.0,87.0,89.0,96.0
klavier,m,right,81,45.0,50.0,53.0,56.0,58.0,60.0,61.0,64.0,66.0
klavier,m,right,82,63.0,69.0,75.0,79.0,82.0,85.0,88.0,91.0,96.0
klavier,m,right,83,63.0,68.0,73.0,77.0,80.0,83.0,85.0,88.0,95.0
klavier,m,right,84,76.0,81.0,87.0,89.0,93.0,95.0,99.0,103.0,108.0
klavier,m,right,85,25.0,29.0,32.0,36.0,38.0,40.0,42.0,43.0,47.0
klavier,m,right,86,18.0,20.0,23.0,26.0,27.0,29.0,30.0,32.0,37.0
klavier,m,right,87,29.0,32.0,35.0,38.0,40.0,42.0,43.0,47.0,52.0
klavier,m,right,88,30.0,38.0,41.0,44.0,49.0,52.0,55.0,58.0,63.0
klavier,m,right,89,40.0,45.0,47.0,50.0,54.0,57.0,60.0,62.0,69.0
klavier,m,right,90,44.0,50.0,54.0,59.0,63.0,65.0,68.0,72.0,78.0
klavier,m,right,63,3.0,6.0,9.0,11.0,14.0,16.0,20.0,25.0,31.0
klavier,m,right,61,15.0,21.0,24.0,27.0,31.0,33.0,38.0,43.0,49.0
klavier,m,right,52,13.0,21.0,22.0,27.0,33.0,40.0,44.0,52.0,63.0
klavier,m,right,51,40.0,47.0,53.0,60.0,66.0,72.0,80.0,85.0,89.0
klavier,m,right,47,10.0,10.0,15.0,19.0,21.0,25.0,31.0,39.0,59.0
klavier,m,right,46,32.0,39.0,52.0,54.0,60.0,62.0,74.0,80.0,86.0
klavier,w,left,101,163.0,167.0,170.0,173.0,176.0,178.0,180.0,183.0,186.0
klavier,w,left,102,72.0,73.0,74.0,75.0,76.0,76.0,78.0,79.0,80.0
klavier,w,left,103,0.4,0.41,0.42,0.42,0.43,0.43,0.44,0.44,0.46
klavier,w,left,104,49.0,50.0,50.0,50.0,51.0,52.0,53.0,54.0,55.0
klavier,w,left,105,80.0,82.0,85.0,86.0,88.0,90.0,91.0,92.0,94.0
klavier,w,left,106,83.0,84.0,85.0,86.0,88.0,89.0,90.0,92.0,94.0
klavier,w,left,124,61.0,63.0,65.0,67.0,69.0,70.0,71.0,72.0,74.0
klavier,w,left,127,31.0,32.0,33.0,34.0,36.0,37.0,38.0,39.0,42.0
klavier,w,left,129,150.0,156.0,160.0,164.0,167.0,170.0,173.0,178.0,185.0
klavier,w,left,130,177.0,183.0,187.0,190.0,193.0,195.0,199.0,202.0,212.0
klavier,w,left,131,186.0,192.0,195.0,197.0,199.0,203.0,207.0,213.0,219.0
klavier,w,left,132,192.0,196.0,200.0,205.0,206.0,210.0,212.0,216.0,221.0
klavier,w,left,133,81.0,86.0,90.0,92.0,96.0,98.0,102.0,104.0,111.0
klavier,w,left,134,63.0,67.0,70.0,72.0,75.0,78.0,80.0,83.0,89.0
klavier,w,left,135,71.0,78.0,81.0,83.0,85.0,87.0,91.0,94.0,100.0
klavier,w,left,136,106.0,110.0,112.0,116.0,118.0,122.0,126.0,129.0,134.0
klavier,w,left,137,112.0,117.0,120.0,122.0,124.0,128.0,132.0,136.0,140.0
klavier,w,left,138,144.0,147.0,150.0,153.0,157.0,160.0,163.0,169.0,174.0
klavier,w,left,139,45.0,50.0,53.0,56.0,61.0,64.0,66.0,70.0,74.0
klavier,w,left,140,28.0,31.0,34.0,36.0,37.0,39.0,41.0,43.0,44.0
klavier,w,left,141,17.0,18.0,21.0,24.0,26.0,27.0,29.0,31.0,34.0
klavier,w,left,143,76.0,81.0,85.0,89.0,92.0,94.0,98.0,100.0,105.0
klavier,w,left,144,68.0,73.0,76.0,79.0,81.0,84.0,87.0,90.0,92.0
klavier,w,left,181,54.0,56.0,59.0,61.0,63.0,65.0,68.0,70.0,74.0
klavier,w,left,182,82.0,86.0,90.0,93.0,96.0,99.0,101.0,108.0,114.0
klavier,w,left,183,76.0,81.0,86.0,88.0,90.0,94.0,96.0,100.0,109.0
klavier,w,left,184,90.0,96.0,101.0,104.0,107.0,109.0,112.0,117.0,123.0
klavier,w,left,185,35.0,39.0,42.0,44.0,46.0,47.0,51.0,54.0,57.0
klavier,w,left,186,24.0,26.0,29.0,31.0,32.0,35.0,38.0,40.0,43.0
klavier,w,left,187,39.0,41.0,44.0,46.0,49.0,51.0,54.0,56.0,61.0
klavier,w,left,188,43.0,48.0,52.0,56.0,59.0,62.0,64.0,67.0,72.0
klavier,w,left,189,51.0,56.0,59.0,62.0,64.0,69.0,71.0,74.0,79.0
klavier,w,left,190,59.0,64.0,68.0,71.0,74.0,76.0,80.0,84.0,86.0
klavier,w,left,163,18.0,22.0,28.0,32.0,35.0,38.0,41.0,44.0,48.0
klavier,w,left,161,32.0,38.0,43.0,50.0,53.0,57.0,59.0,63.0,67.0
klavier,w,left,152,25.0,32.0,35.0,42.0,46.0,54.0,61.0,72.0,85.0
klavier,w,left,151,59.0,68.0,74.0,76.0,81.0,83.0,85.0,89.0,100.0
klavier,w,left,147,39.0,47.0,58.0,64.0,69.0,74.0,78.0,86.0,92.0
klavier,w,left,146,74.0,79.0,83.0,88.0,91.0,93.0,96.0,100.0,105.0
klavier,w,right,1,164.0,167.0,171.0,174.0,176.0,178.0,180.0,183.0,187.0
klavier,w,right,2,73.0,73.0,74.0,75.0,76.0,77.0,78.0,80.0,81.0
klavier,w,right,3,0.41,0.42,0.42,0.43,0.43,0.44,0.44,0.45,0.46
klavier,w,right,4,48.0,50.0,50.0,51.0,51.0,52.0,53.0,54.0,55.0
klavier,w,right,5,79.0,83.0,85.0,86.0,87.0,89.0,90.0,92.0,94.0
klavier,w,right,6,83.0,85.0,86.0,87.0,89.0,89.0,91.0,92.0,95.0
klavier,w,right,24,61.0,64.0,65.0,66.0,67.0,68.0,70.0,72.0,74.0
klavier,w,right,27,31.0,33.0,34.0,35.0,36.0,36.0,38.0,39.0,41.0
klavier,w,right,29,149.0,155.0,160.0,163.0,166.0,170.0,174.0,177.0,184.0
klavier,w,right,30,178.0,182.0,185.0,190.0,193.0,197.0,200.0,206.0,211.0
klavier,w,right,31,187.0,193.0,196.0,198.0,202.0,206.0,210.0,214.0,219.0
klavier,w,right,32,194.0,198.0,200.0,203.0,206.0,210.0,215.0,217.0,223.0
klavier,w,right,33,76.0,84.0,87.0,89.0,93.0,96.0,100.0,102.0,105.0
klavier,w,right,34,60.0,67.0,70.0,72.0,74.0,76.0,80.0,84.0,90.0
klavier,w,right,35,70.0,78.0,80.0,81.0,84.0,87.0,89.0,93.0,97.0
klavier,w,right,36,104.0,108.0,111.0,114.0,118.0,121.0,126.0,132.0,136.0
klavier,w,right,37,111.0,115.0,118.0,120.0,125.0,126.0,130.0,133.0,140.0
klavier,w,right,38,141.0,144.0,150.0,152.0,155.0,158.0,161.0,169.0,174.0
klavier,w,right,39,44.0,50.0,53.0,56.0,59.0,61.0,64.0,68.0,73.0
klavier,w,right,40,29.0,31.0,35.0,36.0,37.0,39.0,40.0,41.0,44.0
klavier,w,right,41,18.0,20.0,22.0,24.0,25.0,27.0,30.0,32.0,35.0
klavier,w,right,43,71.0,76.0,80.0,83.0,87.0,89.0,91.0,96.0,102.0
klavier,w,right,44,70.0,73.0,76.0,80.0,82.0,86.0,88.0,93.0,97.0
klavier,w,right,81,50.0,52.0,56.0,58.0,61.0,62.0,65.0,68.0,72.0
klavier,w,right,82,73.0,80.0,84.0,87.0,89.0,93.0,95.0,101.0,107.0
klavier,w,right,83,71.0,76.0,80.0,82.0,85.0,87.0,91.0,97.0,103.0
klavier,w,right,84,84.0,93.0,97.0,98.0,101.0,104.0,110.0,114.0,121.0
klavier,w,right,85,32.0,35.0,38.0,41.0,43.0,45.0,48.0,50.0,55.0
klavier,w,right,86,22.0,25.0,28.0,30.0,32.0,34.0,36.0,39.0,41.0
klavier,w,right,87,37.0,39.0,41.0,44.0,45.0,50.0,53.0,56.0,60.0
klavier,w,right,88,40.0,46.0,50.0,54.0,56.0,59.0,61.0,64.0,68.0
klavier,w,right,89,47.0,54.0,58.0,61.0,65.0,68.0,70.0,76.0,80.0
klavier,w,right,90,54.0,62.0,65.0,70.0,73.0,76.0,78.0,81.0,85.0
klavier,w,right,63,13.0,17.0,23.0,26.0,29.0,32.0,34.0,38.0,42.0
klavier,w,right,61,28.0,36.0,40.0,42.0,47.0,49.0,54.0,57.0,64.0
klavier,w,right,52,31.0,37.0,48.0,53.0,59.0,64.0,71.0,76.0,84.0
klavier,w,right,51,64.0,73.0,76.0,81.0,83.0,86.0,89.0,91.0,98.0
klavier,w,right,47,19.0,24.0,36.0,45.0,52.0,59.0,64.0,74.0,83.0
klavier,w,right,46,61.0,70.0,76.0,81.0,84.0,88.0,91.0,95.0,99.0
gitarre,m,left,101,174.5,177.0,180.5,183.5,185.0,187.0,189.5,194.0,197.0
gitarre,m,left,102,81.0,82.5,83.5,85.5,87.5,88.0,88.0,88.0,90.0
gitarre,m,left,103,0.432775,0.456855,0.46755,0.46984000000000004,0.47175,0.472515,0.473555,0.4747,0.476835
gitarre,m,left,104,55.0,56.0,56.5,57.5,58.5,59.5,60.5,61.5,62.5
gitarre,m,left,105,84.0,88.0,90.0,91.0,93.0,94.5,95.5,96.5,97.5
gitarre,m,left,106,89.0,91.0,92.0,92.0,93.0,94.0,95.5,97.5,99.0
gitarre,m,left,107,0.92343,0.9565049999999999,0.968415,0.97969,0.9849,0.9949,1.01065,1.0215,1.0222
gitarre,m,left,124,68.0,69.0,70.5,71.0,73.0,75.5,76.0,77.0,81.5
gitarre,m,left,127,34.0,37.0,38.0,38.5,39.0,40.5,42.5,44.5,48.0
gitarre,m,left,128,52.0,52.0,52.0,52.0,52.0,52.0,52.0,52.0,52.0
gitarre,m,left,129,150.4,153.4,160.2,165.5,170.0,174.5,185.4,188.7,235.8
gitarre,m,left,130,175.8,181.2,185.2,190.8,198.0,200.7,201.8,210.4,218.2
gitarre,m,left,131,183.0,188.7,198.0,210.3,213.0,213.9,216.4,226.1,232.4
gitarre,m,left,132,198.2,203.6,208.8,224.2,226.0,227.8,229.6,231.4,233.8
gitarre,m,left,133,71.6,77.3,78.8,82.1,83.0,88.4,99.39999999999999,104.8,106.6
gitarre,m,left,134,54.2,57.8,63.4,69.1,70.0,78.1,79.0,86.7,97.80000000000001
gitarre,m,left,135,81.8,83.6,85.4,87.4,91.0,94.6,96.6,104.0,109.4
gitarre,m,left,136,109.2,111.3,112.0,112.7,119.0,119.9,120.8,128.7,142.8
gitarre,m,left,137,122.2,124.3,125.2,126.2,128.0,138.8,143.2,149.6,154.4
gitarre,m,left,138,149.0,158.0,165.2,166.1,167.0,171.5,176.8,179.4,191.4
gitarre,m,left,139,44.5,54.0,58.0,62.5,64.0,64.0,66.5,69.0,78.5
gitarre,m,left,140,26.5,29.5,31.5,32.0,33.0,35.0,36.0,36.5,37.5
gitarre,m,left,141,23.0,26.5,27.5,28.5,29.0,31.0,33.5,34.5,37.5
gitarre,m,left,142,55.5,58.5,60.0,60.0,61.0,63.0,65.0,68.5,73.5
gitarre,m,left,143,78.0,83.5,84.5,85.0,88.5,93.0,96.0,98.5,102.0
gitarre,m,left,144,68.0,70.5,71.0,72.5,75.5,78.5,81.0,82.0,82.5
gitarre,m,left,145,153.0,155.0,156.0,160.5,164.5,169.5,174.5,175.5,179.0
gitarre,m,left,146,62.5,68.5,72.5,78.5,85.0,90.5,94.5,96.0,96.0
gitarre,m,left,147,20.5,25.0,31.0,42.5,59.0,68.0,73.0,78.5,84.0
gitarre,m,left,148,60.0,67.5,75.0,76.5,83.0,91.5,95.5,98.0,100.5
gitarre,m,left,149,76.5,80.5,84.0,86.5,91.0,97.0,100.0,103.0,108.5
gitarre,m,left,150,86.5,89.0,90.5,93.5,99.0,103.0,103.5,109.0,116.5
gitarre,m,left,151,34.4,38.9,48.8,53.2,64.0,68.5,74.6,78.1,79.6
gitarre,m,left,152,9.0,12.3,13.2,14.4,18.0,19.8,36.79999999999999,59.2,67.0
gitarre,m,left,153,34.8,38.699999999999996,46.4,53.2,64.0,69.4,71.6,72.0,77.4
gitarre,m,left,154,58.4,60.8,65.8,69.5,74.0,74.0,80.39999999999999,83.4,85.2
gitarre,m,left,155,72.4,73.3,75.4,81.1,82.0,84.7,88.2,90.4,93.4
gitarre,m,left,161,23.5,28.0,31.5,38.0,43.5,45.5,47.5,50.0,57.0
gitarre,m,left,163,13.0,14.5,15.5,19.5,25.0,29.5,32.0,32.5,37.5
gitarre,m,left,164,25.0,29.5,34.0,40.0,44.5,46.0,48.0,51.0,58.0
gitarre,m,left,181,51.5,56.5,62.0,64.5,65.0,66.0,67.5,69.0,71.0
gitarre,m,left,182,75.5,80.5,86.0,87.5,89.0,91.5,97.0,102.5,107.0
gitarre,m,left,183,71.5,77.0,81.0,84.0,86.5,89.0,94.5,99.0,104.0
gitarre,m,left,184,86.0,91.0,96.5,98.0,101.5,105.5,109.0,112.0,118.0
gitarre,m,left,185,32.0,33.0,33.5,34.5,36.0,41.5,47.0,50.5,53.0
gitarre,m,left,186,21.0,23.0,24.5,26.0,27.0,32.0,37.0,38.5,39.5
gitarre,m,left,187,39.0,40.5,41.5,42.0,43.0,44.5,48.5,52.5,55.0
gitarre,m,left,188,39.0,41.0,43.0,43.0,44.0,51.0,58.5,61.0,66.5
gitarre,m,left,189,45.0,47.0,48.5,50.5,54.0,56.5,60.5,68.0,73.5
gitarre,m,left,190,55.0,55.5,56.5,57.5,59.5,65.0,70.5,76.0,83.0
gitarre,m,left,191,20.0,21.5,22.5,23.0,24.5,26.5,29.5,32.5,34.0
gitarre,m,left,192,10.0,12.5,15.0,17.5,18.5,19.0,19.5,20.5,24.5
gitarre,m,left,193,13.5,15.5,17.0,17.5,18.5,19.0,19.5,20.5,21.5
gitarre,m,left,194,22.5,23.0,23.0,24.0,25.0,27.0,31.0,33.5,36.0
gitarre,m,left,195,16.5,18.5,20.0,20.5,22.5,25.5,28.5,30.0,33.0
gitarre,m,left,196,32.0,32.5,34.5,36.0,36.5,38.0,42.0,46.0,49.0
gitarre,m,right,1,175.6,178.3,180.0,184.0,184.0,184.0,189.6,191.7,193.2
gitarre,m,right,2,81.4,82.3,83.8,87.0,87.0,87.9,88.8,89.0,89.6
gitarre,m,right,3,0.437952,0.461019,0.466782,0.469001,0.47126,0.47267299999999995,0.47283,0.480439,0.488452
gitarre,m,right,4,54.2,56.0,56.0,56.2,58.0,58.9,59.0,60.4,61.0
gitarre,m,right,5,85.0,88.9,91.4,93.0,93.0,95.7,96.8,97.0,97.6
gitarre,m,right,6,87.0,88.2,91.0,91.1,92.0,92.0,94.4,95.0,95.6
gitarre,m,right,7,0.928114,0.9769209999999999,1.00218,1.01192,1.0211,1.02191,1.0296800000000002,1.0416800000000002,1.08734
gitarre,m,right,24,66.4,67.6,69.4,71.1,72.0,74.7,75.8,76.7,77.6
gitarre,m,right,27,34.0,34.9,37.6,40.2,42.0,42.9,43.0,43.7,49.400000000000006
gitarre,m,right,28,62.0,62.0,62.0,62.0,62.0,62.0,62.0,62.0,62.0
gitarre,m,right,29,148.6,156.1,162.4,168.5,173.0,174.8,179.0,181.4,183.8
gitarre,m,right,30,168.6,177.3,187.2,196.7,203.0,203.0,205.4,213.0,216.6
gitarre,m,right,31,177.8,191.6,207.0,207.7,214.0,214.9,219.8,226.6,232.0
gitarre,m,right,32,198.2,205.7,212.8,216.4,220.0,224.5,226.6,229.1,232.4
gitarre,m,right,33,70.4,71.6,74.4,80.1,81.0,82.8,83.8,93.1,98.8
gitarre,m,right,34,58.0,59.2,62.4,64.3,67.0,75.1,81.6,89.3,95.0
gitarre,m,right,35,66.6,70.8,75.6,78.7,85.0,89.5,92.4,97.2,99.6
gitarre,m,right,36,97.8,100.8,105.2,106.9,115.0,115.9,116.8,128.9,134.6
gitarre,m,right,37,116.2,118.0,119.2,124.2,126.0,126.0,131.6,137.9,141.2
gitarre,m,right,38,145.8,148.5,152.0,152.5,157.0,159.7,166.4,168.7,173.2
gitarre,m,right,39,37.8,54.0,54.2,55.1,56.0,58.7,59.0,73.0,80.8
gitarre,m,right,40,29.4,30.3,31.4,33.0,33.0,34.8,35.8,38.8,41.800000000000004
gitarre,m,right,41,22.4,26.0,26.0,26.400000000000002,30.0,30.0,32.4,37.9,41.2
gitarre,m,right,42,56.6,59.0,59.0,59.2,61.0,61.9,68.39999999999999,74.2,79.60000000000001
gitarre,m,right,43,66.7,73.0,73.0,79.3,83.0,84.9,87.1,87.9,92.9
gitarre,m,right,44,61.0,68.8,75.2,76.7,77.0,78.8,83.5,87.5,88.7
gitarre,m,right,45,140.3,142.2,151.8,155.1,158.5,161.9,164.7,170.3,174.5
gitarre,m,right,46,35.6,39.8,62.2,70.6,75.0,79.7,86.5,90.5,97.3
gitarre,m,right,47,7.3,8.7,14.3,21.3,24.5,28.6,37.6,42.4,64.7
gitarre,m,right,48,36.9,41.6,62.400000000000006,70.6,77.0,81.6,83.6,88.4,95.3
gitarre,m,right,49,58.0,66.2,75.8,83.3,87.5,89.6,91.8,98.2,101.8
gitarre,m,right,50,78.3,79.4,82.6,87.9,91.5,94.2,98.2,107.8,110.4
gitarre,m,right,51,47.9,50.4,53.6,58.2,61.0,67.1,79.3,81.7,87.6
gitarre,m,right,52,22.0,22.2,23.8,26.1,28.0,32.3,43.4,70.6,75.4
gitarre,m,right,53,47.9,50.6,55.4,57.4,60.0,65.6,74.8,81.2,86.9
gitarre,m,right,54,62.1,67.3,69.7,71.4,76.5,81.6,83.7,89.3,94.2
gitarre,m,right,55,68.3,76.8,83.2,84.7,85.5,88.4,94.5,98.5,100.4
gitarre,m,right,61,10.4,16.099999999999998,22.6,29.700000000000003,36.0,36.9,41.0,44.8,48.4
gitarre,m,right,63,1.4,2.8999999999999995,6.4,12.600000000000001,18.0,21.599999999999998,25.999999999999996,28.4,29.0
gitarre,m,right,64,11.6,16.4,23.6,30.700000000000003,37.0,38.8,42.199999999999996,45.1,48.4
gitarre,m,right,81,55.0,55.6,57.0,57.2,59.0,59.9,60.0,64.2,80.4
gitarre,m,right,82,73.8,75.0,75.6,78.2,80.0,82.7,87.8,89.7,103.2
gitarre,m,right,83,72.2,74.0,74.2,75.3,78.0,81.6,82.0,82.7,102.20000000000002
gitarre,m,right,84,89.8,91.3,92.0,92.1,93.0,97.5,98.0,102.2,122.60000000000001
gitarre,m,right,85,24.8,26.6,28.8,32.1,33.0,37.5,40.4,41.7,48.0
gitarre,m,right,86,21.4,22.0,22.2,23.400000000000002,27.0,28.8,33.0,35.4,36.0
gitarre,m,right,87,36.8,38.6,40.2,41.1,42.0,43.8,44.0,52.400000000000006,56.0
gitarre,m,right,88,35.0,38.3,39.0,39.6,45.0,51.3,53.6,56.1,57.6
gitarre,m,right,89,46.2,48.9,51.4,53.5,58.0,58.9,59.0,63.9,67.8
gitarre,m,right,90,54.4,55.3,56.6,59.1,60.0,61.8,68.39999999999999,74.9,78.8
gitarre,m,right,91,19.4,20.6,22.4,24.1,25.0,30.4,31.8,32.7,33.6
gitarre,m,right,92,14.6,17.6,19.0,19.1,20.0,20.9,21.8,22.0,22.0
gitarre,m,right,93,16.2,18.3,19.0,19.0,19.0,19.9,20.0,20.7,21.6
gitarre,m,right,94,15.4,16.0,16.4,18.400000000000002,22.0,22.9,24.599999999999998,27.1,31.0
gitarre,m,right,95,14.0,14.0,14.6,17.2,19.0,19.9,23.999999999999996,25.0,26.2
gitarre,m,right,96,30.2,32.0,32.8,36.0,36.0,36.9,38.6,43.2,46.2
gitarre,w,left,101,190.0,190.0,190.0,190.0,190.0,190.0,190.0,190.0,190.0
gitarre,w,left,102,86.0,86.0,86.0,86.0,86.0,86.0,86.0,86.0,86.0
gitarre,w,left,103,0.45263,0.45263,0.45263,0.45263,0.45263,0.45263,0.45263,0.45263,0.45263
gitarre,w,left,104,56.0,56.0,56.0,56.0,56.0,56.0,56.0,56.0,56.0
gitarre,w,left,105,91.0,91.0,91.0,91.0,91.0,91.0,91.0,91.0,91.0
gitarre,w,left,106,98.0,98.0,98.0,98.0,98.0,98.0,98.0,98.0,98.0
gitarre,w,left,107,0.92857,0.92857,0.92857,0.92857,0.92857,0.92857,0.92857,0.92857,0.92857
gitarre,w,left,124,83.0,83.0,83.0,83.0,83.0,83.0,83.0,83.0,83.0
gitarre,w,left,127,42.0,42.0,42.0,42.0,42.0,42.0,42.0,42.0,42.0
gitarre,w,left,128,59.0,59.0,59.0,59.0,59.0,59.0,59.0,59.0,59.0
gitarre,w,left,129,200.0,200.0,200.0,200.0,200.0,200.0,200.0,200.0,200.0
gitarre,w,left,130,237.0,237.0,237.0,237.0,237.0,237.0,237.0,237.0,237.0
gitarre,w,left,131,245.0,245.0,245.0,245.0,245.0,245.0,245.0,245.0,245.0
gitarre,w,left,132,242.0,242.0,242.0,242.0,242.0,242.0,242.0,242.0,242.0
gitarre,w,left,133,99.0,99.0,99.0,99.0,99.0,99.0,99.0,99.0,99.0
gitarre,w,left,134,97.0,97.0,97.0,97.0,97.0,97.0,97.0,97.0,97.0
gitarre,w,left,135,99.0,99.0,99.0,99.0,99.0,99.0,99.0,99.0,99.0
gitarre,w,left,136,135.0,135.0,135.0,135.0,135.0,135.0,135.0,135.0,135.0
gitarre,w,left,137,154.0,154.0,154.0,154.0,154.0,154.0,154.0,154.0,154.0
gitarre,w,left,138,178.0,178.0,178.0,178.0,178.0,178.0,178.0,178.0,178.0
gitarre,w,left,139,56.0,56.0,56.0,56.0,56.0,56.0,56.0,56.0,56.0
gitarre,w,left,140,38.0,38.0,38.0,38.0,38.0,38.0,38.0,38.0,38.0
gitarre,w,left,141,26.0,26.0,26.0,26.0,26.0,26.0,26.0,26.0,26.0
gitarre,w,left,142,64.0,64.0,64.0,64.0,64.0,64.0,64.0,64.0,64.0
gitarre,w,left,143,94.0,94.0,94.0,94.0,94.0,94.0,94.0,94.0,94.0
gitarre,w,left,144,81.0,81.0,81.0,81.0,81.0,81.0,81.0,81.0,81.0
gitarre,w,left,145,175.0,175.0,175.0,175.0,175.0,175.0,175.0,175.0,175.0
gitarre,w,left,146,84.0,84.0,84.0,84.0,84.0,84.0,84.0,84.0,84.0
gitarre,w,left,147,51.0,51.0,51.0,51.0,51.0,51.0,51.0,51.0,51.0
gitarre,w,left,148,84.0,84.0,84.0,84.0,84.0,84.0,84.0,84.0,84.0
gitarre,w,left,149,93.0,93.0,93.0,93.0,93.0,93.0,93.0,93.0,93.0
gitarre,w,left,150,98.0,98.0,98.0,98.0,98.0,98.0,98.0,98.0,98.0
gitarre,w,left,151,63.0,63.0,63.0,63.0,63.0,63.0,63.0,63.0,63.0
gitarre,w,left,152,40.0,40.0,40.0,40.0,40.0,40.0,40.0,40.0,40.0
gitarre,w,left,153,64.0,64.0,64.0,64.0,64.0,64.0,64.0,64.0,64.0
gitarre,w,left,154,73.0,73.0,73.0,73.0,73.0,73.0,73.0,73.0,73.0
gitarre,w,left,155,79.0,79.0,79.0,79.0,79.0,79.0,79.0,79.0,79.0
gitarre,w,left,161,53.0,53.0,53.0,53.0,53.0,53.0,53.0,53.0,53.0
gitarre,w,left,163,18.0,18.0,18.0,18.0,18.0,18.0,18.0,18.0,18.0
gitarre,w,left,164,54.0,54.0,54.0,54.0,54.0,54.0,54.0,54.0,54.0
gitarre,w,left,181,79.0,79.0,79.0,79.0,79.0,79.0,79.0,79.0,79.0
gitarre,w,left,182,108.0,108.0,108.0,108.0,108.0,108.0,108.0,108.0,108.0
gitarre,w,left,183,108.0,108.0,108.0,108.0,108.0,108.0,108.0,108.0,108.0
gitarre,w,left,184,115.0,115.0,115.0,115.0,115.0,115.0,115.0,115.0,115.0
gitarre,w,left,185,46.0,46.0,46.0,46.0,46.0,46.0,46.0,46.0,46.0
gitarre,w,left,186,40.0,40.0,40.0,40.0,40.0,40.0,40.0,40.0,40.0
gitarre,w,left,187,47.0,47.0,47.0,47.0,47.0,47.0,47.0,47.0,47.0
gitarre,w,left,188,55.0,55.0,55.0,55.0,55.0,55.0,55.0,55.0,55.0
gitarre,w,left,189,60.0,60.0,60.0,60.0,60.0,60.0,60.0,60.0,60.0
gitarre,w,left,190,62.0,62.0,62.0,62.0,62.0,62.0,62.0,62.0,62.0
gitarre,w,left,191,26.0,26.0,26.0,26.0,26.0,26.0,26.0,26.0,26.0
gitarre,w,left,192,24.0,24.0,24.0,24.0,24.0,24.0,24.0,24.0,24.0
gitarre,w,left,193,23.0,23.0,23.0,23.0,23.0,23.0,23.0,23.0,23.0
gitarre,w,left,194,29.0,29.0,29.0,29.0,29.0,29.0,29.0,29.0,29.0
gitarre,w,left,195,29.0,29.0,29.0,29.0,29.0,29.0,29.0,29.0,29.0
gitarre,w,left,196,36.0,36.0,36.0,36.0,36.0,36.0,36.0,36.0,36.0
gitarre,w,right,1,190.0,190.0,190.0,190.0,190.0,190.0,190.0,190.0,190.0
gitarre,w,right,2,85.0,85.0,85.0,85.0,85.0,85.0,85.0,85.0,85.0
gitarre,w,right,3,0.44737,0.44737,0.44737,0.44737,0.44737,0.44737,0.44737,0.44737,0.44737
gitarre,w,right,4,55.0,55.0,55.0,55.0,55.0,55.0,55.0,55.0,55.0
gitarre,w,right,5,95.0,95.0,95.0,95.0,95.0,95.0,95.0,95.0,95.0
gitarre,w,right,6,95.0,95.0,95.0,95.0,95.0,95.0,95.0,95.0,95.0
gitarre,w,right,7,1.0,1.0,1.0,1.0,1.0,1.0,1.0,1.0,1.0
gitarre,w,right,24,86.0,86.0,86.0,86.0,86.0,86.0,86.0,86.0,86.0
gitarre,w,right,27,45.0,45.0,45.0,45.0,45.0,45.0,45.0,45.0,45.0
gitarre,w,right,29,179.0,179.0,179.0,179.0,179.0,179.0,179.0,179.0,179.0
gitarre,w,right,30,214.0,214.0,214.0,214.0,214.0,214.0,214.0,214.0,214.0
gitarre,w,right,31,234.0,234.0,234.0,234.0,234.0,234.0,234.0,234.0,234.0
gitarre,w,right,32,228.0,228.0,228.0,228.0,228.0,228.0,228.0,228.0,228.0
gitarre,w,right,33,99.0,99.0,99.0,99.0,99.0,99.0,99.0,99.0,99.0
gitarre,w,right,34,100.0,100.0,100.0,100.0,100.0,100.0,100.0,100.0,100.0
gitarre,w,right,35,94.0,94.0,94.0,94.0,94.0,94.0,94.0,94.0,94.0
gitarre,w,right,36,134.0,134.0,134.0,134.0,134.0,134.0,134.0,134.0,134.0
gitarre,w,right,37,143.0,143.0,143.0,143.0,143.0,143.0,143.0,143.0,143.0
gitarre,w,right,38,173.0,173.0,173.0,173.0,173.0,173.0,173.0,173.0,173.0
gitarre,w,right,39,54.0,54.0,54.0,54.0,54.0,54.0,54.0,54.0,54.0
gitarre,w,right,40,42.0,42.0,42.0,42.0,42.0,42.0,42.0,42.0,42.0
gitarre,w,right,41,27.0,27.0,27.0,27.0,27.0,27.0,27.0,27.0,27.0
gitarre,w,right,42,69.0,69.0,69.0,69.0,69.0,69.0,69.0,69.0,69.0
gitarre,w,right,61,54.0,54.0,54.0,54.0,54.0,54.0,54.0,54.0,54.0
gitarre,w,right,63,24.0,24.0,24.0,24.0,24.0,24.0,24.0,24.0,24.0
gitarre,w,right,64,55.0,55.0,55.0,55.0,55.0,55.0,55.0,55.0,55.0
gitarre,w,right,81,75.0,75.0,75.0,75.0,75.0,75.0,75.0,75.0,75.0
gitarre,w,right,82,106.0,106.0,106.0,106.0,106.0,106.0,106.0,106.0,106.0
gitarre,w,right,83,107.0,107.0,107.0,107.0,107.0,107.0,107.0,107.0,107.0
gitarre,w,right,84,119.0,119.0,119.0,119.0,119.0,119.0,119.0,119.0,119.0
gitarre,w,right,85,47.0,47.0,47.0,47.0,47.0,47.0,47.0,47.0,47.0
gitarre,w,right,86,40.0,40.0,40.0,40.0,40.0,40.0,40.0,40.0,40.0
gitarre,w,right,87,53.0,53.0,53.0,53.0,53.0,53.0,53.0,53.0,53.0
gitarre,w,right,88,62.0,62.0,62.0,62.0,62.0,62.0,62.0,62.0,62.0
gitarre,w,right,89,65.0,65.0,65.0,65.0,65.0,65.0,65.0,65.0,65.0
gitarre,w,right,90,74.0,74.0,74.0,74.0,74.0,74.0,74.0,74.0,74.0
gitarre,w,right,91,30.0,30.0,30.0,30.0,30.0,30.0,30.0,30.0,30.0
gitarre,w,right,92,21.0,21.0,21.0,21.0,21.0,21.0,21.0,21.0,21.0
gitarre,w,right,93,19.0,19.0,19.0,19.0,19.0,19.0,19.0,19.0,19.0
gitarre,w,right,94,31.0,31.0,31.0,31.0,31.0,31.0,31.0,31.0,31.0
gitarre,w,right,95,32.0,32.0,32.0,32.0,32.0,32.0,32.0,32.0,32.0
gitarre,w,right,96,44.0,44.0,44.0,44.0,44.0,44.0,44.0,44.0,44.0
egitarre,m,left,101,174.5,177.0,180.5,183.5,185.0,187.0,189.5,194.0,197.0
egitarre,m,left,102,81.0,82.5,83.5,85.5,87.5,88.0,88.0,88.0,90.0
egitarre,m,left,103,0.432775,0.456855,0.46755,0.46984,0.47175,0.472515,0.473555,0.4747,0.476835
egitarre,m,left,104,55.0,56.0,56.5,57.5,58.5,59.5,60.5,61.5,62.5
egitarre,m,left,105,84.0,88.0,90.0,91.0,93.0,94.5,95.5,96.5,97.5
egitarre,m,left,106,89.0,91.0,92.0,92.0,93.0,94.0,95.5,97.5,99.0
egitarre,m,left,107,0.92343,0.956505,0.968415,0.97969,0.9849,0.9949,1.01065,1.0215,1.0222
egitarre,m,left,124,68.0,69.0,70.5,71.0,73.0,75.5,76.0,77.0,81.5
egitarre,m,left,127,34.0,37.0,38.0,38.5,39.0,40.5,42.5,44.5,48.0
egitarre,m,left,128,52.0,52.0,52.0,52.0,52.0,52.0,52.0,52.0,52.0
egitarre,m,left,129,150.4,153.4,160.2,165.5,170.0,174.5,185.4,188.7,235.8
egitarre,m,left,130,175.8,181.2,185.2,190.8,198.0,200.7,201.8,210.4,218.2
egitarre,m,left,131,183.0,188.7,198.0,210.3,213.0,213.9,216.4,226.1,232.4
egitarre,m,left,132,198.2,203.6,208.8,224.2,226.0,227.8,229.6,231.4,233.8
egitarre,m,left,133,71.6,77.3,78.8,82.1,83.0,88.4,99.4,104.8,106.6
egitarre,m,left,134,54.2,57.8,63.4,69.1,70.0,78.1,79.0,86.7,97.8
egitarre,m,left,135,81.8,83.6,85.4,87.4,91.0,94.6,96.6,104.0,109.4
egitarre,m,left,136,109.2,111.3,112.0,112.7,119.0,119.9,120.8,128.7,142.8
egitarre,m,left,137,122.2,124.3,125.2,126.2,128.0,138.8,143.2,149.6,154.4
egitarre,m,left,138,149.0,158.0,165.2,166.1,167.0,171.5,176.8,179.4,191.4
egitarre,m,left,139,44.5,54.0,58.0,62.5,64.0,64.0,66.5,69.0,78.5
egitarre,m,left,140,26.5,29.5,31.5,32.0,33.0,35.0,36.0,36.5,37.5
egitarre,m,left,141,23.0,26.5,27.5,28.5,29.0,31.0,33.5,34.5,37.5
egitarre,m,left,142,55.5,58.5,60.0,60.0,61.0,63.0,65.0,68.5,73.5
egitarre,m,left,143,78.0,83.5,84.5,85.0,88.5,93.0,96.0,98.5,102.0
egitarre,m,left,144,68.0,70.5,71.0,72.5,75.5,78.5,81.0,82.0,82.5
egitarre,m,left,145,153.0,155.0,156.0,160.5,164.5,169.5,174.5,175.5,179.0
egitarre,m,left,146,62.5,68.5,72.5,78.5,85.0,90.5,94.5,96.0,96.0
egitarre,m,left,147,20.5,25.0,31.0,42.5,59.0,68.0,73.0,78.5,84.0
egitarre,m,left,148,60.0,67.5,75.0,76.5,83.0,91.5,95.5,98.0,100.5
egitarre,m,left,149,76.5,80.5,84.0,86.5,91.0,97.0,100.0,103.0,108.5
egitarre,m,left,150,86.5,89.0,90.5,93.5,99.0,103.0,103.5,109.0,116.5
egitarre,m,left,151,34.4,38.9,48.8,53.2,64.0,68.5,74.6,78.1,79.6
egitarre,m,left,152,9.0,12.3,13.2,14.4,18.0,19.8,36.8,59.2,67.0
egitarre,m,left,153,34.8,38.7,46.4,53.2,64.0,69.4,71.6,72.0,77.4
egitarre,m,left,154,58.4,60.8,65.8,69.5,74.0,74.0,80.4,83.4,85.2
egitarre,m,left,155,72.4,73.3,75.4,81.1,82.0,84.7,88.2,90.4,93.4
egitarre,m,left,161,23.5,28.0,31.5,38.0,43.5,45.5,47.5,50.0,57.0
egitarre,m,left,163,13.0,14.5,15.5,19.5,25.0,29.5,32.0,32.5,37.5
egitarre,m,left,164,25.0,29.5,34.0,40.0,44.5,46.0,48.0,51.0,58.0
egitarre,m,left,181,51.5,56.5,62.0,64.5,65.0,66.0,67.5,69.0,71.0
egitarre,m,left,182,75.5,80.5,86.0,87.5,89.0,91.5,97.0,102.5,107.0
egitarre,m,left,183,71.5,77.0,81.0,84.0,86.5,89.0,94.5,99.0,104.0
egitarre,m,left,184,86.0,91.0,96.5,98.0,101.5,105.5,109.0,112.0,118.0
egitarre,m,left,185,32.0,33.0,33.5,34.5,36.0,41.5,47.0,50.5,53.0
egitarre,m,left,186,21.0,23.0,24.5,26.0,27.0,32.0,37.0,38.5,39.5
egitarre,m,left,187,39.0,40.5,41.5,42.0,43.0,44.5,48.5,52.5,55.0
egitarre,m,left,188,39.0,41.0,43.0,43.0,44.0,51.0,58.5,61.0,66.5
egitarre,m,left,189,45.0,47.0,48.5,50.5,54.0,56.5,60.5,68.0,73.5
egitarre,m,left,190,55.0,55.5,56.5,57.5,59.5,65.0,70.5,76.0,83.0
egitarre,m,left,191,20.0,21.5,22.5,23.0,24.5,26.5,29.5,32.5,34.0
egitarre,m,left,192,10.0,12.5,15.0,17.5,18.5,19.0,19.5,20.5,24.5
egitarre,m,left,193,13.5,15.5,17.0,17.5,18.5,19.0,19.5,20.5,21.5
egitarre,m,left,194,22.5,23.0,23.0,24.0,25.0,27.0,31.0,33.5,36.0
egitarre,m,left,195,16.5,18.5,20.0,20.5,22.5,25.5,28.5,30.0,33.0
egitarre,m,left,196,32.0,32.5,34.5,36.0,36.5,38.0,42.0,46.0,49.0
egitarre,m,right,1,175.6,178.3,180.0,184.0,184.0,184.0,189.6,191.7,193.2
egitarre,m,right,2,81.4,82.3,83.8,87.0,87.0,87.9,88.8,89.0,89.6
egitarre,m,right,3,0.437952,0.461019,0.466782,0.469001,0.47126,0.472673,0.47283,0.480439,0.488452
egitarre,m,right,4,54.2,56.0,56.0,56.2,58.0,58.9,59.0,60.4,61.0
egitarre,m,right,5,85.0,88.9,91.4,93.0,93.0,95.7,96.8,97.0,97.6
egitarre,m,right,6,87.0,88.2,91.0,91.1,92.0,92.0,94.4,95.0,95.6
egitarre,m,right,7,0.928114,0.976921,1.00218,1.01192,1.0211,1.02191,1.02968,1.04168,1.08734
egitarre,m,right,24,66.4,67.6,69.4,71.1,72.0,74.7,75.8,76.7,77.6
egitarre,m,right,27,34.0,34.9,37.6,40.2,42.0,42.9,43.0,43.7,49.4
egitarre,m,right,28,62.0,62.0,62.0,62.0,62.0,62.0,62.0,62.0,62.0
egitarre,m,right,29,148.6,156.1,162.4,168.5,173.0,174.8,179.0,181.4,183.8
egitarre,m,right,30,168.6,177.3,187.2,196.7,203.0,203.0,205.4,213.0,216.6
egitarre,m,right,31,177.8,191.6,207.0,207.7,214.0,214.9,219.8,226.6,232.0
egitarre,m,right,32,198.2,205.7,212.8,216.4,220.0,224.5,226.6,229.1,232.4
egitarre,m,right,33,70.4,71.6,74.4,80.1,81.0,82.8,83.8,93.1,98.8
egitarre,m,right,34,58.0,59.2,62.4,64.3,67.0,75.1,81.6,89.3,95.0
egitarre,m,right,35,66.6,70.8,75.6,78.7,85.0,89.5,92.4,97.2,99.6
egitarre,m,right,36,97.8,100.8,105.2,106.9,115.0,115.9,116.8,128.9,134.6
egitarre,m,right,37,116.2,118.0,119.2,124.2,126.0,126.0,131.6,137.9,141.2
egitarre,m,right,38,145.8,148.5,152.0,152.5,157.0,159.7,166.4,168.7,173.2
egitarre,m,right,39,37.8,54.0,54.2,55.1,56.0,58.7,59.0,73.0,80.8
egitarre,m,right,40,29.4,30.3,31.4,33.0,33.0,34.8,35.8,38.8,41.8
egitarre,m,right,41,22.4,26.0,26.0,26.4,30.0,30.0,32.4,37.9,41.2
egitarre,m,right,42,56.6,59.0,59.0,59.2,61.0,61.9,68.4,74.2,79.6
egitarre,m,right,43,66.7,73.0,73.0,79.3,83.0,84.9,87.1,87.9,92.9
egitarre,m,right,44,61.0,68.8,75.2,76.7,77.0,78.8,83.5,87.5,88.7
egitarre,m,right,45,140.3,142.2,151.8,155.1,158.5,161.9,164.7,170.3,174.5
egitarre,m,right,46,35.6,39.8,62.2,70.6,75.0,79.7,86.5,90.5,97.3
egitarre,m,right,47,7.3,8.7,14.3,21.3,24.5,28.6,37.6,42.4,64.7
egitarre,m,right,48,36.9,41.6,62.4,70.6,77.0,81.6,83.6,88.4,95.3
egitarre,m,right,49,58.0,66.2,75.8,83.3,87.5,89.6,91.8,98.2,101.8
egitarre,m,right,50,78.3,79.4,82.6,87.9,91.5,94.2,98.2,107.8,110.4
egitarre,m,right,51,47.9,50.4,53.6,58.2,61.0,67.1,79.3,81.7,87.6
egitarre,m,right,52,22.0,22.2,23.8,26.1,28.0,32.3,43.4,70.6,75.4
egitarre,m,right,53,47.9,50.6,55.4,57.4,60.0,65.6,74.8,81.2,86.9
egitarre,m,right,54,62.1,67.3,69.7,71.4,76.5,81.6,83.7,89.3,94.2
egitarre,m,right,55,68.3,76.8,83.2,84.7,85.5,88.4,94.5,98.5,100.4
egitarre,m,right,61,10.4,16.1,22.6,29.7,36.0,36.9,41.0,44.8,48.4
egitarre,m,right,63,1.4,2.9,6.4,12.6,18.0,21.6,26.0,28.4,29.0
egitarre,m,right,64,11.6,16.4,23.6,30.7,37.0,38.8,42.2,45.1,48.4
egitarre,m,right,81,55.0,55.6,57.0,57.2,59.0,59.9,60.0,64.2,80.4
egitarre,m,right,82,73.8,75.0,75.6,78.2,80.0,82.7,87.8,89.7,103.2
egitarre,m,right,83,72.2,74.0,74.2,75.3,78.0,81.6,82.0,82.7,102.2
egitarre,m,right,84,89.8,91.3,92.0,92.1,93.0,97.5,98.0,102.2,122.6
egitarre,m,right,85,24.8,26.6,28.8,32.1,33.0,37.5,40.4,41.7,48.0
egitarre,m,right,86,21.4,22.0,22.2,23.4,27.0,28.8,33.0,35.4,36.0
egitarre,m,right,87,36.8,38.6,40.2,41.1,42.0,43.8,44.0,52.4,56.0
egitarre,m,right,88,35.0,38.3,39.0,39.6,45.0,51.3,53.6,56.1,57.6
egitarre,m,right,89,46.2,48.9,51.4,53.5,58.0,58.9,59.0,63.9,67.8
egitarre,m,right,90,54.4,55.3,56.6,59.1,60.0,61.8,68.4,74.9,78.8
egitarre,m,right,91,19.4,20.6,22.4,24.1,25.0,30.4,31.8,32.7,33.6
egitarre,m,right,92,14.6,17.6,19.0,19.1,20.0,20.9,21.8,22.0,22.0
egitarre,m,right,93,16.2,18.3,19.0,19.0,19.0,19.9,20.0,20.7,21.6
egitarre,m,right,94,15.4,16.0,16.4,18.4,22.0,22.9,24.6,27.1,31.0
egitarre,m,right,95,14.0,14.0,14.6,17.2,19.0,19.9,24.0,25.0,26.2
egitarre,m,right,96,30.2,32.0,32.8,36.0,36.0,36.9,38.6,43.2,46.2
egitarre,w,left,101,190.0,190.0,190.0,190.0,190.0,190.0,190.0,190.0,190.0
egitarre,w,left,102,86.0,86.0,86.0,86.0,86.0,86.0,86.0,86.0,86.0
egitarre,w,left,103,0.45263,0.45263,0.45263,0.45263,0.45263,0.45263,0.45263,0.45263,0.45263
egitarre,w,left,104,56.0,56.0,56.0,56.0,56.0,56.0,56.0,56.0,56.0
egitarre,w,left,105,91.0,91.0,91.0,91.0,91.0,91.0,91.0,91.0,91.0
egitarre,w,left,106,98.0,98.0,98.0,98.0,98.0,98.0,98.0,98.0,98.0
egitarre,w,left,107,0.92857,0.92857,0.92857,0.92857,0.92857,0.92857,0.92857,0.92857,0.92857
egitarre,w,left,124,83.0,83.0,83.0,83.0,83.0,83.0,83.0,83.0,83.0
egitarre,w,left,127,42.0,42.0,42.0,42.0,42.0,42.0,42.0,42.0,42.0
egitarre,w,left,128,59.0,59.0,59.0,59.0,59.0,59.0,59.0,59.0,59.0
egitarre,w,left,129,200.0,200.0,200.0,200.0,200.0,200.0,200.0,200.0,200.0
egitarre,w,left,130,237.0,237.0,237.0,237.0,237.0,237.0,237.0,237.0,237.0
egitarre,w,left,131,245.0,245.0,245.0,245.0,245.0,245.0,245.0,245.0,245.0
egitarre,w,left,132,242.0,242.0,242.0,242.0,242.0,242.0,242.0,242.0,242.0
egitarre,w,left,133,99.0,99.0,99.0,99.0,99.0,99.0,99.0,99.0,99.0
egitarre,w,left,134,97.0,97.0,97.0,97.0,97.0,97.0,97.0,97.0,97.0
egitarre,w,left,135,99.0,99.0,99.0,99.0,99.0,99.0,99.0,99.0,99.0
egitarre,w,left,136,135.0,135.0,135.0,135.0,135.0,135.0,135.0,135.0,135.0
egitarre,w,left,137,154.0,154.0,154.0,154.0,154.0,154.0,154.0,154.0,154.0
egitarre,w,left,138,178.0,178.0,178.0,178.0,178.0,178.0,178.0,178.0,178.0
egitarre,w,left,139,56.0,56.0,56.0,56.0,56.0,56.0,56.0,56.0,56.0
egitarre,w,left,140,38.0,38.0,38.0,38.0,38.0,38.0,38.0,38.0,38.0
egitarre,w,left,141,26.0,26.0,26.0,26.0,26.0,26.0,26.0,26.0,26.0
egitarre,w,left,142,64.0,64.0,64.0,64.0,64.0,64.0,64.0,64.0,64.0
egitarre,w,left,143,94.0,94.0,94.0,94.0,94.0,94.0,94.0,94.0,94.0
egitarre,w,left,144,81.0,81.0,81.0,81.0,81.0,81.0,81.0,81.0,81.0
egitarre,w,left,145,175.0,175.0,175.0,175.0,175.0,175.0,175.0,175.0,175.0
egitarre,w,left,146,84.0,84.0,84.0,84.0,84.0,84.0,84.0,84.0,84.0
egitarre,w,left,147,51.0,51.0,51.0,51.0,51.0,51.0,51.0,51.0,51.0
egitarre,w,left,148,84.0,84.0,84.0,84.0,84.0,84.0,84.0,84.0,84.0
egitarre,w,left,149,93.0,93.0,93.0,93.0,93.0,93.0,93.0,93.0,93.0
egitarre,w,left,150,98.0,98.0,98.0,98.0,98.0,98.0,98.0,98.0,98.0
egitarre,w,left,151,63.0,63.0,63.0,63.0,63.0,63.0,63.0,63.0,63.0
egitarre,w,left,152,40.0,40.0,40.0,40.0,40.0,40.0,40.0,40.0,40.0
egitarre,w,left,153,64.0,64.0,64.0,64.0,64.0,64.0,64.0,64.0,64.0
egitarre,w,left,154,73.0,73.0,73.0,73.0,73.0,73.0,73.0,73.0,73.0
egitarre,w,left,155,79.0,79.0,79.0,79.0,79.0,79.0,79.0,79.0,79.0
egitarre,w,left,161,53.0,53.0,53.0,53.0,53.0,53.0,53.0,53.0,53.0
egitarre,w,left,163,18.0,18.0,18.0,18.0,18.0,18.0,18.0,18.0,18.0
egitarre,w,left,164,54.0,54.0,54.0,54.0,54.0,54.0,54.0,54.0,54.0
egitarre,w,left,181,79.0,79.0,79.0,79.0,79.0,79.0,79.0,79.0,79.0
egitarre,w,left,182,108.0,108.0,108.0,108.0,108.0,108.0,108.0,108.0,108.0
egitarre,w,left,183,108.0,108.0,108.0,108.0,108.0,108.0,108.0,108.0,108.0
egitarre,w,left,184,115.0,115.0,115.0,115.0,115.0,115.0,115.0,115.0,115.0
egitarre,w,left,185,46.0,46.0,46.0,46.0,46.0,46.0,46.0,46.0,46.0
egitarre,w,left,186,40.0,40.0,40.0,40.0,40.0,40.0,40.0,40.0,40.0
egitarre,w,left,187,47.0,47.0,47.0,47.0,47.0,47.0,47.0,47.0,47.0
egitarre,w,left,188,55.0,55.0,55.0,55.0,55.0,55.0,55.0,55.0,55.0
egitarre,w,left,189,60.0,60.0,60.0,60.0,60.0,60.0,60.0,60.0,60.0
egitarre,w,left,190,62.0,62.0,62.0,62.0,62.0,62.0,62.0,62.0,62.0
egitarre,w,left,191,26.0,26.0,26.0,26.0,26.0,26.0,26.0,26.0,26.0
egitarre,w,left,192,24.0,24.0,24.0,24.0,24.0,24.0,24.0,24.0,24.0
egitarre,w,left,193,23.0,23.0,23.0,23.0,23.0,23.0,23.0,23.0,23.0
egitarre,w,left,194,29.0,29.0,29.0,29.0,29.0,29.0,29.0,29.0,29.0
egitarre,w,left,195,29.0,29.0,29.0,29.0,29.0,29.0,29.0,29.0,29.0
egitarre,w,left,196,36.0,36.0,36.0,36.0,36.0,36.0,36.0,36.0,36.0
egitarre,w,right,1,190.0,190.0,190.0,190.0,190.0,190.0,190.0,190.0,190.0
egitarre,w,right,2,86.0,86.0,86.0,86.0,86.0,86.0,86.0,86.0,86.0
egitarre,w,right,3,0.45263,0.45263,0.45263,0.45263,0.45263,0.45263,0.45263,0.45263,0.45263
egitarre,w,right,4,56.0,56.0,56.0,56.0,56.0,56.0,56.0,56.0,56.0
egitarre,w,right,5,91.0,91.0,91.0,91.0,91.0,91.0,91.0,91.0,91.0
egitarre,w,right,6,98.0,98.0,98.0,98.0,98.0,98.0,98.0,98.0,98.0
egitarre,w,right,7,0.92857,0.92857,0.92857,0.92857,0.92857,0.92857,0.92857,0.92857,0.92857
egitarre,w,right,24,83.0,83.0,83.0,83.0,83.0,83.0,83.0,83.0,83.0
egitarre,w,right,27,42.0,42.0,42.0,42.0,42.0,42.0,42.0,42.0,42.0
egitarre,w,right,28,59.0,59.0,59.0,59.0,59.0,59.0,59.0,59.0,59.0
egitarre,w,right,29,200.0,200.0,200.0,200.0,200.0,200.0,200.0,200.0,200.0
egitarre,w,right,30,237.0,237.0,237.0,237.0,237.0,237.0,237.0,237.0,237.0
egitarre,w,right,31,245.0,245.0,245.0,245.0,245.0,245.0,245.0,245.0,245.0
egitarre,w,right,32,242.0,242.0,242.0,242.0,242.0,242.0,242.0,242.0,242.0
egitarre,w,right,33,99.0,99.0,99.0,99.0,99.0,99.0,99.0,99.0,99.0
egitarre,w,right,34,97.0,97.0,97.0,97.0,97.0,97.0,97.0,97.0,97.0
egitarre,w,right,35,99.0,99.0,99.0,99.0,99.0,99.0,99.0,99.0,99.0
egitarre,w,right,36,135.0,135.0,135.0,135.0,135.0,135.0,135.0,135.0,135.0
egitarre,w,right,37,154.0,154.0,154.0,154.0,154.0,154.0,154.0,154.0,154.0
egitarre,w,right,38,178.0,178.0,178.0,178.0,178.0,178.0,178.0,178.0,178.0
egitarre,w,right,39,56.0,56.0,56.0,56.0,56.0,56.0,56.0,56.0,56.0
egitarre,w,right,40,38.0,38.0,38.0,38.0,38.0,38.0,38.0,38.0,38.0
egitarre,w,right,41,26.0,26.0,26.0,26.0,26.0,26.0,26.0,26.0,26.0
egitarre,w,right,42,64.0,64.0,64.0,64.0,64.0,64.0,64.0,64.0,64.0
egitarre,w,right,43,94.0,94.0,94.0,94.0,94.0,94.0,94.0,94.0,94.0
egitarre,w,right,44,81.0,81.0,81.0,81.0,81.0,81.0,81.0,81.0,81.0
egitarre,w,right,45,175.0,175.0,175.0,175.0,175.0,175.0,175.0,175.0,175.0
egitarre,w,right,46,84.0,84.0,84.0,84.0,84.0,84.0,84.0,84.0,84.0
egitarre,w,right,47,51.0,51.0,51.0,51.0,51.0,51.0,51.0,51.0,51.0
egitarre,w,right,48,84.0,84.0,84.0,84.0,84.0,84.0,84.0,84.0,84.0
egitarre,w,right,49,93.0,93.0,93.0,93.0,93.0,93.0,93.0,93.0,93.0
egitarre,w,right,50,98.0,98.0,98.0,98.0,98.0,98.0,98.0,98.0,98.0
egitarre,w,right,51,63.0,63.0,63.0,63.0,63.0,63.0,63.0,63.0,63.0
egitarre,w,right,52,40.0,40.0,40.0,40.0,40.0,40.0,40.0,40.0,40.0
egitarre,w,right,53,64.0,64.0,64.0,64.0,64.0,64.0,64.0,64.0,64.0
egitarre,w,right,54,73.0,73.0,73.0,73.0,73.0,73.0,73.0,73.0,73.0
egitarre,w,right,55,79.0,79.0,79.0,79.0,79.0,79.0,79.0,79.0,79.0
egitarre,w,right,61,53.0,53.0,53.0,53.0,53.0,53.0,53.0,53.0,53.0
egitarre,w,right,63,18.0,18.0,18.0,18.0,18.0,18.0,18.0,18.0,18.0
egitarre,w,right,64,54.0,54.0,54.0,54.0,54.0,54.0,54.0,54.0,54.0
egitarre,w,right,81,79.0,79.0,79.0,79.0,79.0,79.0,79.0,79.0,79.0
egitarre,w,right,82,108.0,108.0,108.0,108.0,108.0,108.0,108.0,108.0,108.0
egitarre,w,right,83,108.0,108.0,108.0,108.0,108.0,108.0,108.0,108.0,108.0
egitarre,w,right,84,115.0,115.0,115.0,115.0,115.0,115.0,115.0,115.0,115.0
egitarre,w,right,85,46.0,46.0,46.0,46.0,46.0,46.0,46.0,46.0,46.0
egitarre,w,right,86,40.0,40.0,40.0,40.0,40.0,40.0,40.0,40.0,40.0
egitarre,w,right,87,47.0,47.0,47.0,47.0,47.0,47.0,47.0,47.0,47.0
egitarre,w,right,88,55.0,55.0,55.0,55.0,55.0,55.0,55.0,55.0,55.0
egitarre,w,right,89,60.0,60.0,60.0,60.0,60.0,60.0,60.0,60.0,60.0
egitarre,w,right,90,62.0,62.0,62.0,62.0,62.0,62.0,62.0,62.0,62.0
egitarre,w,right,91,26.0,26.0,26.0,26.0,26.0,26.0,26.0,26.0,26.0
egitarre,w,right,92,24.0,24.0,24.0,24.0,24.0,24.0,24.0,24.0,24.0
egitarre,w,right,93,23.0,23.0,23.0,23.0,23.0,23.0,23.0,23.0,23.0
egitarre,w,right,94,29.0,29.0,29.0,29.0,29.0,29.0,29.0,29.0,29.0
egitarre,w,right,95,29.0,29.0,29.0,29.0,29.0,29.0,29.0,29.0,29.0
egitarre,w,right,96,36.0,36.0,36.0,36.0,36.0,36.0,36.0,36.0,36.0
akkordeon,m,left,140,32.5,34.0,36.0,37.5,39.5,42.0,45.0,47.5,48.5
akkordeon,m,left,141,18.0,21.0,22.0,22.0,22.5,27.5,33.0,35.5,42.0
akkordeon,m,left,142,61.5,63.5,64.5,66.0,68.0,69.0,69.0,69.5,76.0
akkordeon,m,left,143,73.4,75.8,77.9,79.7,80.0,80.2,81.4,87.4,98.2
akkordeon,m,left,144,64.4,65.8,66.6,67.3,68.0,75.69999999999999,81.4,86.39999999999999,96.2
akkordeon,m,left,145,80.2,133.4,144.0,146.29999999999998,147.0,154.7,159.2,161.7,166.60000000000002
akkordeon,m,left,146,42.0,49.0,56.0,61.5,65.0,68.5,70.8,72.60000000000001,76.8
akkordeon,m,left,147,17.200000000000003,17.900000000000002,22.8,27.200000000000003,30.0,32.8,38.8,46.1,46.800000000000004
akkordeon,m,left,148,41.8,55.1,58.8,61.5,65.0,68.5,71.2,73.6,77.8
akkordeon,m,left,149,59.400000000000006,71.3,74.2,75.0,75.0,79.9,82.4,83.3,85.4
akkordeon,m,left,150,77.6,79.7,81.19999999999999,84.4,90.0,92.10000000000001,93.4,94.7,99.6
akkordeon,m,left,151,22.6,35.2,38.8,42.4,48.0,54.3,64.19999999999999,76.00000000000001,83.0
akkordeon,m,left,152,9.0,12.5,16.0,18.6,20.0,23.5,28.599999999999998,34.800000000000004,40.4
akkordeon,m,left,153,19.4,34.800000000000004,37.6,39.8,44.0,56.599999999999994,66.39999999999999,74.1,81.8
akkordeon,m,left,154,34.6,50.7,53.6,58.2,68.0,69.4,75.6,84.80000000000001,90.39999999999999
akkordeon,m,left,155,51.800000000000004,61.6,63.6,66.7,73.0,79.3,87.19999999999999,95.19999999999999,96.6
akkordeon,m,right,40,34.5,35.0,35.5,38.0,40.0,40.0,41.5,45.5,49.0
akkordeon,m,right,41,17.5,19.5,21.5,23.0,25.0,27.5,29.0,33.0,38.0
akkordeon,m,right,42,59.0,60.5,62.5,63.5,66.0,69.0,70.0,71.5,74.0
akkordeon,m,right,43,76.0,76.0,76.0,76.0,76.0,76.0,76.0,76.0,76.0
akkordeon,m,right,44,80.0,80.0,80.0,80.0,80.0,80.0,80.0,80.0,80.0
akkordeon,m,right,45,156.0,156.0,156.0,156.0,156.0,156.0,156.0,156.0,156.0
akkordeon,m,right,46,73.0,73.0,73.0,73.0,73.0,73.0,73.0,73.0,73.0
akkordeon,m,right,47,48.0,48.0,48.0,48.0,48.0,48.0,48.0,48.0,48.0
akkordeon,m,right,48,79.0,79.0,79.0,79.0,79.0,79.0,79.0,79.0,79.0
akkordeon,m,right,49,81.0,81.0,81.0,81.0,81.0,81.0,81.0,81.0,81.0
akkordeon,m,right,50,86.0,86.0,86.0,86.0,86.0,86.0,86.0,86.0,86.0
akkordeon,m,right,51,87.0,87.0,87.0,87.0,87.0,87.0,87.0,87.0,87.0
akkordeon,m,right,52,38.0,38.0,38.0,38.0,38.0,38.0,38.0,38.0,38.0
akkordeon,m,right,53,87.0,87.0,87.0,87.0,87.0,87.0,87.0,87.0,87.0
akkordeon,m,right,54,95.0,95.0,95.0,95.0,95.0,95.0,95.0,95.0,95.0
akkordeon,m,right,55,103.0,103.0,103.0,103.0,103.0,103.0,103.0,103.0,103.0
akkordeon,w,left,140,36.0,37.0,38.0,40.0,42.0,42.5,43.0,43.5,44.0
akkordeon,w,left,141,22.0,23.5,25.0,28.0,31.0,31.0,31.0,31.5,32.0
akkordeon,w,left,142,63.0,64.0,65.0,66.0,67.0,70.5,74.0,74.5,75.0
akkordeon,w,left,143,89.0,89.89999999999999,91.1,92.4,94.0,95.60000000000001,97.49999999999999,99.5,101.0
akkordeon,w,left,144,64.0,66.1,68.9,71.6,74.0,76.39999999999999,77.3,77.7,78.0
akkordeon,w,left,145,153.0,157.79999999999998,164.2,169.29999999999998,170.5,171.70000000000002,172.6,173.4,174.0
akkordeon,w,left,146,83.0,84.8,87.2,89.2,90.0,90.80000000000001,91.3,91.69999999999999,92.0
akkordeon,w,left,147,62.0,62.3,62.699999999999996,63.7,66.5,69.3,71.2,72.8,74.0
akkordeon,w,left,148,86.0,86.89999999999999,88.1,89.10000000000001,89.5,89.9,90.6,91.39999999999999,92.0
akkordeon,w,left,149,92.0,93.49999999999999,95.5,97.5,99.5,101.5,102.29999999999998,102.7,103.0
akkordeon,w,left,150,98.0,98.89999999999999,100.1,101.80000000000001,105.0,108.2,109.3,109.7,110.0
akkordeon,w,left,151,49.0,53.8,60.2,66.6,73.0,79.4,81.0,81.0,81.0
akkordeon,w,left,152,31.0,33.7,37.3,40.5,42.5,44.5,53.699999999999996,65.3,74.0
akkordeon,w,left,153,46.0,50.199999999999996,55.800000000000004,62.0,70.0,78.0,80.6,81.4,82.0
akkordeon,w,left,154,54.0,62.099999999999994,72.9,81.60000000000001,84.0,86.39999999999999,88.5,90.5,92.0
akkordeon,w,left,155,69.0,74.1,80.9,86.60000000000001,89.0,91.39999999999999,94.99999999999999,99.0,102.0
akkordeon,w,right,40,35.0,36.0,37.0,38.5,40.0,40.0,40.0,41.0,42.0
akkordeon,w,right,41,17.0,22.0,27.0,27.5,28.0,29.5,31.0,31.0,31.0
akkordeon,w,right,42,54.0,60.0,66.0,66.5,67.0,67.5,68.0,70.5,73.0
gemischt,m,left,101,178.0,181.0,185.0,187.0,190.0,192.0,194.0,197.0,201.0
gemischt,m,left,102,80.0,81.0,83.0,84.0,85.0,86.0,87.0,89.0,90.0
gemischt,m,left,103,0.42,0.42,0.43,0.44,0.45,0.45,0.46,0.46,0.48
gemischt,m,left,104,55.0,56.0,57.0,58.0,59.0,60.0,60.0,61.0,63.0
gemischt,m,left,124,68.0,70.0,72.0,73.0,75.0,76.0,77.0,79.0,81.0
gemischt,m,left,127,31.0,34.0,35.0,36.0,37.0,38.0,39.0,41.0,43.0
gemischt,m,left,129,157.0,166.0,170.0,174.0,178.0,181.0,185.0,190.0,196.0
gemischt,m,left,130,188.0,194.0,199.0,203.0,207.0,212.0,214.0,218.0,226.0
gemischt,m,left,131,198.0,204.0,210.0,213.0,217.0,221.0,224.0,229.0,237.0
gemischt,m,left,132,209.0,215.0,220.0,223.0,226.0,229.0,232.0,237.0,242.0
gemischt,m,left,133,78.0,83.0,87.0,90.0,95.0,99.0,102.0,106.0,112.0
gemischt,m,left,134,59.0,65.0,69.0,71.0,75.0,79.0,83.0,87.0,93.0
gemischt,m,left,135,70.0,76.0,81.0,83.0,87.0,91.0,95.0,100.0,105.0
gemischt,m,left,136,104.0,111.0,114.0,117.0,120.0,126.0,129.0,136.0,144.0
gemischt,m,left,137,113.0,119.0,122.0,126.0,130.0,134.0,139.0,144.0,150.0
gemischt,m,left,138,145.0,152.0,156.0,160.0,163.0,169.0,173.0,178.0,184.0
gemischt,m,left,139,42.0,49.0,52.0,56.0,59.0,62.0,66.0,70.0,74.0
gemischt,m,left,140,27.0,30.0,31.0,33.0,35.0,36.0,38.0,40.0,44.0
gemischt,m,left,141,18.0,20.0,22.0,24.0,25.0,27.0,28.0,31.0,33.0
gemischt,m,left,143,70.0,75.0,78.0,82.0,85.0,88.0,92.0,95.0,99.0
gemischt,m,left,144,59.0,65.0,68.0,72.0,74.0,78.0,81.0,85.0,90.0
gemischt,m,left,181,50.0,53.0,56.0,59.0,61.0,63.0,65.0,67.0,70.0
gemischt,m,left,182,71.0,77.0,81.0,84.0,87.0,90.0,94.0,97.0,103.0
gemischt,m,left,183,68.0,73.0,76.0,80.0,83.0,86.0,90.0,93.0,98.0
gemischt,m,left,184,79.0,85.0,89.0,94.0,96.0,100.0,104.0,108.0,113.0
gemischt,m,left,185,27.0,31.0,34.0,36.0,39.0,42.0,44.0,48.0,52.0
gemischt,m,left,186,18.0,21.0,23.0,26.0,28.0,30.0,32.0,35.0,39.0
gemischt,m,left,187,30.0,34.0,36.0,39.0,41.0,43.0,45.0,49.0,52.0
gemischt,m,left,188,34.0,39.0,43.0,45.0,49.0,53.0,56.0,60.0,67.0
gemischt,m,left,189,40.0,45.0,49.0,51.0,54.0,57.0,60.0,65.0,70.0
gemischt,m,left,190,46.0,52.0,56.0,59.0,61.0,66.0,70.0,74.0,81.0
gemischt,m,left,163,5.0,9.0,13.0,15.0,18.0,21.0,25.0,29.0,34.0
gemischt,m,left,161,19.0,25.0,29.0,32.0,35.0,38.0,42.0,47.0,52.0
gemischt,m,left,152,7.0,10.0,15.0,18.0,21.0,25.0,30.0,40.0,64.0
gemischt,m,left,151,25.0,33.0,41.0,49.0,56.0,63.0,70.0,77.0,86.0
gemischt,m,left,154,47.0,57.0,64.0,69.0,73.0,77.0,82.0,88.0,96.0
gemischt,m,left,155,63.0,70.0,75.0,80.0,83.0,88.0,92.0,96.0,104.0
gemischt,m,left,147,18.0,23.0,29.0,35.0,43.0,50.0,61.0,76.0,86.0
gemischt,m,left,146,46.0,60.0,66.0,72.0,76.0,81.0,85.0,90.0,96.0
gemischt,m,left,149,64.0,73.0,79.0,83.0,86.0,89.0,93.0,98.0,102.0
gemischt,m,left,150,74.0,82.0,87.0,90.0,94.0,97.0,101.0,105.0,109.0
gemischt,m,right,1,178.0,182.0,185.0,187.0,190.0,192.0,193.0,196.0,200.0
gemischt,m,right,2,81.0,83.0,84.0,85.0,86.0,87.0,88.0,90.0,91.0
gemischt,m,right,3,0.42,0.43,0.44,0.44,0.45,0.46,0.46,0.47,0.48
gemischt,m,right,4,55.0,56.0,57.0,58.0,59.0,59.0,60.0,61.0,62.0
gemischt,m,right,24,67.0,69.0,71.0,72.0,73.0,75.0,76.0,78.0,80.0
gemischt,m,right,27,32.0,34.0,36.0,37.0,38.0,39.0,40.0,42.0,43.0
gemischt,m,right,29,156.0,165.0,169.0,173.0,176.0,180.0,184.0,188.0,195.0
gemischt,m,right,30,184.0,193.0,198.0,202.0,206.0,210.0,214.0,218.0,226.0
gemischt,m,right,31,197.0,204.0,208.0,213.0,217.0,220.0,224.0,229.0,236.0
gemischt,m,right,32,208.0,215.0,218.0,220.0,225.0,228.0,233.0,236.0,240.0
gemischt,m,right,33,77.0,81.0,85.0,89.0,92.0,95.0,97.0,101.0,108.0
gemischt,m,right,34,59.0,64.0,68.0,72.0,76.0,78.0,82.0,86.0,92.0
gemischt,m,right,35,71.0,74.0,78.0,82.0,85.0,90.0,92.0,97.0,102.0
gemischt,m,right,36,104.0,108.0,112.0,116.0,119.0,124.0,128.0,133.0,141.0
gemischt,m,right,37,112.0,116.0,120.0,124.0,128.0,131.0,134.0,139.0,145.0
gemischt,m,right,38,144.0,150.0,153.0,156.0,161.0,165.0,170.0,175.0,181.0
gemischt,m,right,39,41.0,47.0,52.0,55.0,58.0,61.0,64.0,68.0,74.0
gemischt,m,right,40,27.0,29.0,31.0,32.0,34.0,35.0,37.0,40.0,43.0
gemischt,m,right,41,18.0,20.0,22.0,24.0,26.0,27.0,29.0,31.0,34.0
gemischt,m,right,43,63.0,69.0,72.0,75.0,78.0,81.0,83.0,87.0,93.0
gemischt,m,right,44,66.0,71.0,75.0,78.0,80.0,83.0,85.0,88.0,93.0
gemischt,m,right,81,46.0,50.0,52.0,54.0,56.0,58.0,60.0,63.0,66.0
gemischt,m,right,82,65.0,69.0,73.0,76.0,79.0,82.0,85.0,89.0,94.0
gemischt,m,right,83,63.0,67.0,70.0,74.0,77.0,80.0,83.0,85.0,91.0
gemischt,m,right,84,74.0,79.0,84.0,88.0,90.0,93.0,97.0,100.0,105.0
gemischt,m,right,85,25.0,28.0,32.0,34.0,37.0,39.0,41.0,44.0,48.0
gemischt,m,right,86,18.0,20.0,22.0,24.0,27.0,29.0,30.0,32.0,36.0
gemischt,m,right,87,29.0,33.0,36.0,38.0,40.0,42.0,44.0,47.0,52.0
gemischt,m,right,88,32.0,38.0,40.0,43.0,46.0,49.0,53.0,56.0,60.0
gemischt,m,right,89,39.0,43.0,47.0,49.0,51.0,55.0,57.0,60.0,65.0
gemischt,m,right,90,44.0,50.0,54.0,57.0,60.0,62.0,65.0,70.0,75.0
gemischt,m,right,63,2.0,6.0,9.0,11.0,14.0,17.0,20.0,24.0,30.0
gemischt,m,right,61,15.0,21.0,24.0,27.0,30.0,33.0,38.0,43.0,48.0
gemischt,m,right,52,13.0,20.0,23.0,27.0,31.0,37.0,41.0,50.0,65.0
gemischt,m,right,51,34.0,45.0,51.0,57.0,64.0,68.0,75.0,82.0,88.0
gemischt,m,right,54,59.0,66.0,71.0,76.0,81.0,84.0,88.0,94.0,98.0
gemischt,m,right,55,71.0,77.0,82.0,85.0,88.0,92.0,96.0,102.0,109.0
gemischt,m,right,47,9.0,12.0,15.0,18.0,22.0,25.0,28.0,37.0,55.0
gemischt,m,right,46,31.0,39.0,45.0,57.0,62.0,66.0,72.0,79.0,87.0
gemischt,m,right,49,50.0,64.0,72.0,77.0,80.0,82.0,86.0,91.0,98.0
gemischt,m,right,50,68.0,77.0,81.0,85.0,88.0,91.0,95.0,98.0,107.0
gemischt,w,left,101,163.0,167.0,169.0,172.0,175.0,177.0,179.0,182.0,185.0
gemischt,w,left,102,72.0,73.0,74.0,75.0,76.0,77.0,78.0,80.0,81.0
gemischt,w,left,103,0.4,0.41,0.42,0.43,0.44,0.44,0.45,0.45,0.46
gemischt,w,left,104,49.0,50.0,50.0,51.0,52.0,52.0,53.0,54.0,55.0
gemischt,w,left,124,61.0,63.0,65.0,67.0,68.0,69.0,70.0,72.0,74.0
gemischt,w,left,127,32.0,34.0,35.0,36.0,37.0,38.0,39.0,41.0,43.0
gemischt,w,left,129,144.0,151.0,155.0,158.0,162.0,165.0,169.0,174.0,180.0
gemischt,w,left,130,169.0,176.0,180.0,185.0,189.0,192.0,196.0,202.0,208.0
gemischt,w,left,131,179.0,184.0,189.0,194.0,197.0,200.0,204.0,209.0,216.0
gemischt,w,left,132,188.0,193.0,197.0,200.0,204.0,207.0,210.0,214.0,219.0
gemischt,w,left,133,78.0,83.0,87.0,89.0,92.0,96.0,98.0,103.0,108.0
gemischt,w,left,134,59.0,64.0,67.0,70.0,73.0,76.0,79.0,82.0,88.0
gemischt,w,left,135,69.0,73.0,78.0,82.0,85.0,87.0,90.0,94.0,98.0
gemischt,w,left,136,101.0,106.0,109.0,112.0,116.0,119.0,123.0,127.0,133.0
gemischt,w,left,137,107.0,113.0,117.0,119.0,123.0,125.0,129.0,132.0,137.0
gemischt,w,left,138,138.0,144.0,149.0,151.0,154.0,157.0,160.0,164.0,170.0
gemischt,w,left,139,45.0,51.0,54.0,57.0,61.0,64.0,67.0,70.0,74.0
gemischt,w,left,140,28.0,31.0,34.0,35.0,37.0,38.0,40.0,42.0,45.0
gemischt,w,left,141,17.0,19.0,21.0,24.0,25.0,27.0,29.0,31.0,33.0
gemischt,w,left,143,78.0,83.0,87.0,90.0,93.0,95.0,98.0,101.0,107.0
gemischt,w,left,144,64.0,68.0,72.0,75.0,77.0,80.0,82.0,86.0,90.0
gemischt,w,left,181,52.0,56.0,59.0,61.0,62.0,65.0,66.0,69.0,73.0
gemischt,w,left,182,79.0,83.0,87.0,90.0,94.0,98.0,100.0,105.0,113.0
gemischt,w,left,183,74.0,78.0,82.0,85.0,89.0,92.0,95.0,100.0,107.0
gemischt,w,left,184,88.0,93.0,98.0,101.0,105.0,108.0,112.0,114.0,121.0
gemischt,w,left,185,33.0,37.0,39.0,42.0,44.0,46.0,49.0,52.0,56.0
gemischt,w,left,186,23.0,26.0,28.0,30.0,32.0,34.0,36.0,38.0,42.0
gemischt,w,left,187,37.0,40.0,43.0,45.0,47.0,50.0,52.0,55.0,58.0
gemischt,w,left,188,41.0,46.0,50.0,52.0,56.0,59.0,62.0,66.0,72.0
gemischt,w,left,189,49.0,54.0,57.0,60.0,63.0,67.0,70.0,73.0,78.0
gemischt,w,left,190,56.0,61.0,64.0,68.0,71.0,74.0,79.0,82.0,87.0
gemischt,w,left,163,16.0,21.0,26.0,30.0,33.0,37.0,40.0,43.0,48.0
gemischt,w,left,161,0.31,6.0,37.0,42.0,46.0,50.0,52.0,56.0,59.0
gemischt,w,left,152,22.0,30.0,35.0,40.0,44.0,52.0,59.0,71.0,81.0
gemischt,w,left,151,56.0,66.0,72.0,76.0,80.0,83.0,85.0,91.0,96.0
gemischt,w,left,154,73.0,79.0,83.0,87.0,90.0,92.0,95.0,99.0,105.0
gemischt,w,left,155,82.0,87.0,91.0,95.0,97.0,100.0,104.0,107.0,115.0
gemischt,w,left,147,39.0,52.0,59.0,66.0,72.0,76.0,83.0,90.0,97.0
gemischt,w,left,146,73.0,79.0,84.0,88.0,91.0,96.0,100.0,103.0,110.0
gemischt,w,left,149,83.0,89.0,93.0,97.0,100.0,104.0,108.0,112.0,117.0
gemischt,w,left,150,90.0,96.0,100.0,104.0,109.0,112.0,115.0,119.0,125.0
gemischt,w,right,1,163.0,166.0,170.0,172.0,174.0,177.0,178.0,182.0,185.0
gemischt,w,right,2,73.0,74.0,76.0,76.0,77.0,78.0,80.0,80.0,82.0
gemischt,w,right,3,0.41,0.42,0.43,0.43,0.44,0.45,0.45,0.46,0.47
gemischt,w,right,4,49.0,50.0,50.0,51.0,52.0,52.0,53.0,54.0,55.0
gemischt,w,right,24,61.0,63.0,64.0,65.0,67.0,68.0,70.0,71.0,73.0
gemischt,w,right,27,33.0,34.0,35.0,36.0,37.0,38.0,39.0,40.0,42.0
gemischt,w,right,29,143.0,148.0,152.0,156.0,160.0,165.0,170.0,175.0,180.0
gemischt,w,right,30,170.0,176.0,180.0,183.0,187.0,191.0,197.0,202.0,208.0
gemischt,w,right,31,178.0,183.0,188.0,192.0,196.0,201.0,206.0,212.0,217.0
gemischt,w,right,32,188.0,193.0,197.0,199.0,203.0,207.0,211.0,216.0,221.0
gemischt,w,right,33,74.0,80.0,84.0,86.0,90.0,93.0,97.0,100.0,104.0
gemischt,w,right,34,59.0,63.0,67.0,69.0,72.0,74.0,77.0,81.0,87.0
gemischt,w,right,35,69.0,74.0,78.0,80.0,82.0,85.0,88.0,92.0,97.0
gemischt,w,right,36,101.0,105.0,108.0,111.0,115.0,118.0,122.0,127.0,133.0
gemischt,w,right,37,107.0,112.0,116.0,119.0,122.0,125.0,128.0,132.0,136.0
gemischt,w,right,38,139.0,143.0,146.0,150.0,153.0,156.0,160.0,163.0,170.0
gemischt,w,right,39,44.0,50.0,53.0,56.0,59.0,61.0,65.0,68.0,74.0
gemischt,w,right,40,28.0,31.0,33.0,35.0,36.0,37.0,39.0,41.0,44.0
gemischt,w,right,41,18.0,20.0,22.0,24.0,25.0,27.0,28.0,31.0,34.0
gemischt,w,right,43,72.0,78.0,81.0,83.0,87.0,89.0,93.0,95.0,101.0
gemischt,w,right,44,67.0,71.0,74.0,77.0,80.0,82.0,86.0,88.0,93.0
gemischt,w,right,81,50.0,52.0,56.0,57.0,59.0,61.0,63.0,65.0,70.0
gemischt,w,right,82,73.0,78.0,81.0,84.0,87.0,89.0,93.0,96.0,102.0
gemischt,w,right,83,70.0,75.0,78.0,80.0,82.0,86.0,89.0,93.0,100.0
gemischt,w,right,84,83.0,90.0,94.0,97.0,99.0,103.0,106.0,111.0,116.0
gemischt,w,right,85,30.0,33.0,36.0,38.0,41.0,43.0,45.0,47.0,52.0
gemischt,w,right,86,22.0,25.0,26.0,29.0,31.0,32.0,35.0,37.0,40.0
gemischt,w,right,87,36.0,39.0,42.0,44.0,47.0,49.0,52.0,55.0,58.0
gemischt,w,right,88,40.0,43.0,46.0,51.0,54.0,56.0,59.0,63.0,67.0
gemischt,w,right,89,48.0,53.0,56.0,60.0,63.0,66.0,68.0,72.0,77.0
gemischt,w,right,90,53.0,59.0,63.0,66.0,70.0,73.0,76.0,79.0,84.0
gemischt,w,right,63,11.0,16.0,22.0,24.0,28.0,31.0,34.0,37.0,42.0
gemischt,w,right,61,25.0,31.0,36.0,40.0,43.0,47.0,50.0,54.0,58.0
gemischt,w,right,52,32.0,43.0,49.0,54.0,58.0,63.0,71.0,77.0,86.0
gemischt,w,right,51,65.0,72.0,76.0,80.0,83.0,87.0,90.0,95.0,102.0
gemischt,w,right,54,75.0,84.0,88.0,90.0,95.0,97.0,101.0,106.0,111.0
gemischt,w,right,55,86.0,92.0,96.0,98.0,101.0,104.0,108.0,112.0,117.0
gemischt,w,right,47,20.0,28.0,32.0,44.0,52.0,60.0,69.0,79.0,85.0
gemischt,w,right,46,66.0,73.0,79.0,82.0,85.0,88.0,91.0,95.0,101.0
gemischt,w,right,49,79.0,84.0,90.0,94.0,95.0,98.0,101.0,108.0,112.0
gemischt,w,right,50,86.0,93.0,98.0,100.0,102.0,107.0,110.0,114.0,119.0
